id,name,linkedin_url,location,company,title,seniority,function,segment,specialism,category,evidence,source_url,fit_score,confidence,notes
"CRSA-001","Jonathan Abrahams","https://za.linkedin.com/in/jonathan-abrahams-74aa10b0","City of Cape Town, Western Cape, South Africa","TFG (The Foschini Group)","Credit Risk Analyst","Analyst","Credit Risk; Credit Analytics","Retail credit","Retail credit risk","Analyst","Indexed LinkedIn result states Credit Risk Analyst at TFG in Cape Town.","https://za.linkedin.com/in/jonathan-abrahams-74aa10b0","9","High",""
"CRSA-002","Londiwe Manqele","https://za.linkedin.com/in/londiwe-manqele-b9058550","Cape Town, Western Cape, South Africa","Truworths","Senior Credit Risk Analyst","Senior Analyst","Credit Risk; Credit Analytics","Retail credit","Retail credit risk","Analyst","Indexed LinkedIn result states Senior Credit Risk Analyst at Truworths; prior Capfin senior credit risk.","https://za.linkedin.com/in/londiwe-manqele-b9058550","9","High",""
"CRSA-003","Nivendra Pillay","https://za.linkedin.com/in/nivendra-pillay-76b68578","City of Johannesburg, Gauteng, South Africa","African Bank","Credit Risk Manager / Data Analytics / Credit Scoring / Impairments","Manager","Credit Risk; Credit Analytics; Scorecards; IFRS 9 / Impairments","Bank / unsecured lender","Credit scoring; impairments; credit risk management","Manager","Indexed LinkedIn result states data analytics, credit scoring, impairments and credit risk management at African Bank.","https://za.linkedin.com/in/nivendra-pillay-76b68578","9","High",""
"CRSA-004","Thabo Rataele","https://za.linkedin.com/in/thabo-rataele-2052b581","City of Cape Town, Western Cape, South Africa","Needs verification","Quantitative Risk Analyst","Analyst","Risk Analytics; Credit Analytics; IFRS 9 / Impairments","Financial services","Credit risk modelling; ECL analytics","Analyst","Indexed LinkedIn result states Quantitative Risk Analyst with credit risk modelling, IFRS 9, ECL analytics.","https://za.linkedin.com/in/thabo-rataele-2052b581","8","Medium","Current company requires manual verification."
"CRSA-005","Ntsako Baloyi","https://za.linkedin.com/in/ntsako-baloyi-621658217","South Africa","365 Finance","Credit Risk Analyst","Analyst","Credit Risk","Fintech lending / non-bank lender","Consumer credit risk","Analyst","Indexed LinkedIn result states Credit Risk Analyst at 365 Finance.","https://za.linkedin.com/in/ntsako-baloyi-621658217","8","High",""
"CRSA-006","Wayne S.","https://za.linkedin.com/in/waynestander","City of Cape Town, Western Cape, South Africa","TFG (The Foschini Group)","Senior Credit Risk Analyst","Senior Analyst","Credit Risk; Decision Science","Retail credit","Retail credit decisioning; credit analytics","Analyst","Indexed LinkedIn result states Senior Credit Risk Analyst at TFG and prior Credit Risk Analyst - Decision Science at RCS.","https://za.linkedin.com/in/waynestander","9","High",""
"CRSA-007","Dr. Nico Kritzinger","https://za.linkedin.com/in/dr-nico-kritzinger-7b8b8910","South Africa","Needs verification","Credit Scorecards / Credit Analytics / Credit Modelling Specialist","Consultant","Scorecards; Credit Analytics; Credit Modelling","Analytics vendor / consulting","Credit scorecards; credit modelling","Consultant","Indexed LinkedIn result states PhD, Credit Scorecards, Credit Analytics, Credit Modelling and Credit Risk Management.","https://za.linkedin.com/in/dr-nico-kritzinger-7b8b8910","8","Medium","Company/current title requires manual verification."
"CRSA-008","S'busiso Ndlovu","https://za.linkedin.com/in/s-busiso-ndlovu-1887b6122","South Africa","Land and Agricultural Development Bank of South Africa","Manager: Quantitative Credit Risk / Credit Risk Specialist","Manager","Quantitative Credit Risk; IFRS 9","Bank / development finance","IFRS 9 credit risk quantitative analysis; model recalibration","Manager","Indexed LinkedIn result states Manager Quantitative Credit Risk and IFRS 9 credit risk quantitative analysis.","https://za.linkedin.com/in/s-busiso-ndlovu-1887b6122","9","High",""
"CRSA-009","Raymond Anderson","https://za.linkedin.com/in/raymondanderson","South Africa","Rayan Risk Analytics / Independent","Credit Scoring Specialist and Consultant","Consultant","Credit Scoring; Credit Risk","Consulting / analytics","Credit scoring; retail banking credit risk","Consultant","Indexed LinkedIn result states credit scoring specialist and author with four decades of retail banking credit risk experience.","https://za.linkedin.com/in/raymondanderson","8","High",""
"CRSA-010","Brian Gritzman, CFA","https://za.linkedin.com/in/briangritzman","City of Johannesburg, Gauteng, South Africa","Needs verification","IFRS 9 / Credit Risk Frameworks Specialist","Senior Analyst","IFRS 9 / Impairments; Basel / Regulatory Credit Risk","Financial services","Capital adequacy; credit risk; IFRS 9 frameworks","Analyst","Indexed LinkedIn result states support across capital adequacy, credit risk and IFRS 9 frameworks.","https://za.linkedin.com/in/briangritzman","7","Medium","Current company/title requires manual verification."
"CRSA-011","Samantha Smith","https://za.linkedin.com/in/samantha-smith-6626b8aa","City of Cape Town, Western Cape, South Africa","Woolworths Financial Services","Credit Risk Analyst","Analyst","Credit Risk","Retail credit","Retail credit risk","Analyst","Indexed LinkedIn result states Credit Risk Analyst at Woolworths Financial Services.","https://za.linkedin.com/in/samantha-smith-6626b8aa","9","High",""
"CRSA-012","Hendrik Ehlers, CFA","https://za.linkedin.com/in/hendrik-ehlers-cfa-b1840984","Johannesburg Metropolitan Area, South Africa","Absa Group","Senior Credit Risk Analyst","Senior Analyst","Credit Risk","Bank","Banking credit risk","Analyst","Indexed LinkedIn result states Senior Credit Risk Analyst at Absa Group.","https://za.linkedin.com/in/hendrik-ehlers-cfa-b1840984","9","High",""
"CRSA-013","Trishanta Srikissoon","https://za.linkedin.com/in/trishanta-srikissoon-aa234463","Johannesburg, Gauteng, South Africa","Absa Group","Manager - Data Analytics / Credit Scorecard Development","Manager","Credit Analytics; Scorecards; Credit Policy","Bank","Scorecard development; cut-offs; credit policy rules; impairment forecasting","Manager","Indexed LinkedIn result states Absa Credit Risk Analyst history, scorecard cut-offs, credit policy rules and manager credit scorecard development.","https://za.linkedin.com/in/trishanta-srikissoon-aa234463","9","High",""
"CRSA-014","Liran B.","https://za.linkedin.com/in/liran-b-08680224","South Africa","KPMG","Partner","Executive","Credit Risk; IFRS 9 / Impairments","Consulting","IFRS 9 ECL, PD, LGD, EAD, macroeconomic models","Head","Indexed LinkedIn result states KPMG Partner with credit risk and IFRS 9 model builds/reviews.","https://za.linkedin.com/in/liran-b-08680224","8","High",""
"CRSA-015","Gugulethu Mdluli","https://za.linkedin.com/in/gugulethu-mdluli-9a6b4b38","South Africa","National Housing Finance Corporation","Credit Risk Analyst - Origination and Structuring","Analyst","Credit Risk; Mortgage Risk","Home loans / development finance","Origination and structuring credit risk","Analyst","Indexed LinkedIn result states Credit Risk Analyst - Origination and Structuring at NHFC.","https://za.linkedin.com/in/gugulethu-mdluli-9a6b4b38","8","High",""
"CRSA-016","Thato Sejanamane","https://za.linkedin.com/in/thato-sejanamane-16b5bb91","South Africa","Absa Group","Senior Credit Analyst / Credit Risk Specialist","Senior Analyst","Credit Risk; Credit Analysis","Bank","Banking credit risk","Analyst","Indexed LinkedIn result states Senior Credit Analyst / Credit Risk Specialist at Absa Group.","https://za.linkedin.com/in/thato-sejanamane-16b5bb91","8","High",""
"CRSA-017","Sinethemba Nongqoto","https://za.linkedin.com/in/sinethemba-nongqoto","South Africa","Standard Bank Group","Senior Credit Risk Data Scientist","Senior Analyst","Credit Risk; Data Science; Scorecards","Bank","Scorecard development and monitoring","Analyst","Indexed LinkedIn result states Senior Credit Risk Data Scientist at Standard Bank Group with scorecard development and monitoring.","https://za.linkedin.com/in/sinethemba-nongqoto","9","High",""
"CRSA-018","Sduduzo Shandu","https://za.linkedin.com/in/sduduzo-shandu","South Africa","Needs verification","Credit Risk & Financial Risk Analyst","Analyst","Credit Risk; IFRS 9 / Impairments; SME Credit","Financial services","IFRS 9, SAS, PD, SME lending, portfolio risk","Analyst","Indexed LinkedIn result states Credit Risk & Financial Risk Analyst with IFRS 9, SAS and PD.","https://za.linkedin.com/in/sduduzo-shandu","8","Medium","Current employer requires manual verification."
"CRSA-019","Lee Martin","https://za.linkedin.com/in/lee-martin-23960012b","City of Cape Town, Western Cape, South Africa","Yara Southern Africa","Credit Risk Analyst","Analyst","Credit Risk","Corporate credit / trade credit","Corporate credit risk","Analyst","Indexed LinkedIn result states Credit Risk Analyst at Yara Southern Africa.","https://za.linkedin.com/in/lee-martin-23960012b","7","High",""
"CRSA-020","Nthabiseng Mashamba","https://za.linkedin.com/in/nthabiseng-mashamba-861a5b31","City of Johannesburg, Gauteng, South Africa","Absa Group","Senior Credit Risk Analyst - Regulatory Reporting","Senior Analyst","Credit Risk; Basel / Regulatory Credit Risk","Bank","Regulatory credit risk reporting","Analyst","Indexed LinkedIn result states Senior Credit Risk Analyst Regulatory reporting at Absa Group.","https://za.linkedin.com/in/nthabiseng-mashamba-861a5b31","9","High",""
"CRSA-021","Lesego Moroke","https://za.linkedin.com/in/lesego-moroke-752ba756","South Africa","African Bank","Credit Risk Analytics","Analyst","Credit Risk; Credit Analytics; Scorecards","Bank / unsecured lender","Scorecard data preparation, implementation and monitoring","Analyst","Indexed LinkedIn result states Credit Risk Analytics and scorecard data preparation/implementation/monitoring.","https://za.linkedin.com/in/lesego-moroke-752ba756","8","High",""
"CRSA-022","Koos Smit","https://za.linkedin.com/in/koossmit","South Africa","Experian / Credit Risk & Finance Professional","Credit Risk & Finance Professional","Manager","Credit Risk; IFRS 9 / Impairments; Provisioning","Credit bureau / analytics vendor","IFRS 9 credit risk models; provisioning; PD modelling","Manager","Indexed LinkedIn result states credit risk analyst history, IFRS 9 credit risk model delivery and Experian experience.","https://za.linkedin.com/in/koossmit","8","High",""
"CRSA-023","Brandon Michaels","https://za.linkedin.com/in/brandon-michaels-429357181","South Africa","Murex / Standard Bank South Africa","Credit Risk Analyst / Murex Analyst","Analyst","Credit Risk; Risk Systems","Risk software / bank","Murex credit risk systems","Analyst","Indexed LinkedIn result states Credit Risk Analyst at Murex and Standard Bank Murex Analyst.","https://za.linkedin.com/in/brandon-michaels-429357181","7","Medium",""
"CRSA-024","Muzzaffar Alam Ali","https://za.linkedin.com/in/muzzaffar-alam-ali-3b1952b0","South Africa","HBZ Bank Limited South Africa","Senior Credit Risk Analyst","Senior Analyst","Credit Risk","Bank","Banking credit risk","Analyst","Indexed LinkedIn result states Senior Credit Risk Analyst at HBZ Bank Limited South Africa.","https://za.linkedin.com/in/muzzaffar-alam-ali-3b1952b0","8","High",""
"CRSA-025","Johannes G. du Preez","https://za.linkedin.com/in/jgdupreez","Cape Town, Western Cape, South Africa","Woolworths Financial Services","Senior Credit Risk Analyst","Senior Analyst","Credit Risk","Retail credit","Retail credit risk","Analyst","Indexed LinkedIn result states Senior Credit Risk Analyst at Woolworths Financial Services.","https://za.linkedin.com/in/jgdupreez","9","High",""
"CRSA-026","Chiraag Daya","https://za.linkedin.com/in/chiraag-daya-b0300948","City of Johannesburg, Gauteng, South Africa","Analytix Engine","Head of Credit Risk Modelling & Validation: Africa","Head","Credit Risk Modelling; Model Validation","Analytics vendor / consulting","Credit risk modelling and validation","Head","Indexed LinkedIn result states Head of Credit Risk Modelling & Validation: Africa at Analytix Engine.","https://za.linkedin.com/in/chiraag-daya-b0300948","9","High",""
"CRSA-027","Manuel M.","https://za.linkedin.com/in/manuel-m-b61390b5","South Africa","FNB South Africa","Data Scientist | Credit Risk Collections Strategy","Senior Analyst","Credit Risk; Collections Strategy; Data Science","Bank","Collections strategy; retail credit analytics; acquisition analytics","Analyst","Indexed LinkedIn result states Data Scientist with Credit Risk Collections Strategy and FNB South Africa.","https://za.linkedin.com/in/manuel-m-b61390b5","9","High",""
"CRSA-028","Paula van der Schyff","https://za.linkedin.com/in/paula-van-der-schyff-195ba951","Cape Town, Western Cape, South Africa","RCS","Senior Credit Risk Analyst","Senior Analyst","Credit Risk; Affordability","Retail credit","Affordability models; retail credit risk","Analyst","Indexed LinkedIn result states Senior Credit Risk Analyst at RCS and affordability models.","https://za.linkedin.com/in/paula-van-der-schyff-195ba951","9","High",""
"CRSA-029","Mpho Matona","https://za.linkedin.com/in/mpho-matona-46894a45","City of Johannesburg, Gauteng, South Africa","Standard Bank Group","Credit Risk Analyst","Analyst","Credit Risk; Scorecards","Bank","Scorecard monitoring for cheque accounts, student loans and personal loans","Analyst","Indexed LinkedIn result states Credit Risk Analyst at Standard Bank and scorecard monitoring.","https://za.linkedin.com/in/mpho-matona-46894a45","9","High",""
"CRSA-030","Hannes Bezuidenhout","https://za.linkedin.com/in/hannes-bezuidenhout-04a543101","South Africa","KPMG South Africa","Senior Manager in Credit Risk","Senior Manager","Credit Risk; IFRS 9 / Impairments; Model Validation","Consulting","Credit risk and impairment modelling; IFRS 9; model validation","Manager","Indexed LinkedIn result states Senior Manager in Credit Risk at KPMG South Africa.","https://za.linkedin.com/in/hannes-bezuidenhout-04a543101","9","High",""
"CRSA-031","Lynn Varathan","https://za.linkedin.com/in/lynn-varathan-a19baba6","City of Johannesburg, Gauteng, South Africa","Sasol Energy","Credit Risk Analyst","Analyst","Credit Risk","Corporate credit / energy","Corporate credit risk","Analyst","Indexed LinkedIn result states Credit Risk Analyst at Sasol Energy.","https://za.linkedin.com/in/lynn-varathan-a19baba6","7","High",""
"CRSA-032","Marc Chadwick","https://za.linkedin.com/in/marc-chadwick-za","South Africa","Needs verification","Credit Risk & Analytics Specialist","Senior Analyst","Credit Risk; Credit Analytics; Decisioning","Analytics / credit decisioning","System-based credit analytics; data-driven credit assessments","Analyst","Indexed LinkedIn result states Credit Risk & Analytics Specialist and system-based credit analytics.","https://za.linkedin.com/in/marc-chadwick-za","8","Medium",""
"CRSA-033","Theunis Jansen van Rensburg","https://za.linkedin.com/in/theunis-jansen-van-rensburg-4583a421","City of Cape Town, Western Cape, South Africa","Principa","Lead: Credit Risk Analytics","Lead / Team Lead","Credit Risk; Credit Analytics; Data Science","Analytics vendor / consulting","Credit risk analytics; data science; lending analytics","Lead","Indexed LinkedIn result states Lead: Credit Risk Analytics at Principa.","https://za.linkedin.com/in/theunis-jansen-van-rensburg-4583a421","9","High",""
"CRSA-034","Kgopotso Selibi","https://za.linkedin.com/in/kgopotso-selibi-043453179","Gauteng, South Africa","FNB South Africa","Credit Risk & Collections Management Leader","Manager","Credit Risk; Collections Strategy; Portfolio Risk","Bank","Collections management; debt restructuring; portfolio risk","Manager","Indexed LinkedIn result states Credit Risk & Collections Management Leader and FNB collections manager history.","https://za.linkedin.com/in/kgopotso-selibi-043453179","8","High",""
"CRSA-035","Dawid Bauer","https://za.linkedin.com/in/dawid-bauer-20340687","South Africa","FNB South Africa","Head of Credit Analytics: Commercial Asset Finance","Head","Credit Analytics; Vehicle Finance Risk","Bank / vehicle finance","Commercial asset finance credit analytics","Head","Indexed LinkedIn result states Head of Credit Analytics: Commercial Asset Finance at FNB.","https://za.linkedin.com/in/dawid-bauer-20340687","9","High",""
"CRSA-036","Sadie Ward","https://za.linkedin.com/in/sadie-ward-3274412b8","South Africa","FNB South Africa","Credit Scoring | Risk Analytics","Analyst","Credit Scoring; Risk Analytics","Bank","Credit scoring; banking risk analytics","Analyst","Indexed LinkedIn result states credit scoring professional in banking sector at FNB South Africa.","https://za.linkedin.com/in/sadie-ward-3274412b8","8","High",""
"CRSA-037","Samiksha Deepa Singh","https://za.linkedin.com/in/samiksha-deepa-singh-16a02562","South Africa","Standard Bank South Africa","Portfolio Manager: Vehicle & Asset Finance Credit Risk Management, Analytics & Reporting","Manager","Credit Risk; Credit Analytics; Vehicle Finance Risk","Bank / vehicle finance","VAF portfolio risk analytics and reporting","Manager","Indexed LinkedIn result states portfolio manager in VAF credit risk management, analytics and reporting at Standard Bank.","https://za.linkedin.com/in/samiksha-deepa-singh-16a02562","9","High",""
"CRSA-038","Eduan Jordaan","https://za.linkedin.com/in/eduan-jordaan-86614818b","Bryanston, Gauteng, South Africa","MarquisFinance / Gomo","Credit Analytics Manager","Manager","Credit Analytics","Fintech lending / non-bank lender","Credit analytics management","Manager","Indexed LinkedIn result states Credit Analytics Manager and senior credit analyst experience.","https://za.linkedin.com/in/eduan-jordaan-86614818b","8","Medium","Company requires manual verification."
"CRSA-039","Alma Koegelenberg","https://za.linkedin.com/in/alma-koegelenberg-54613758","South Africa","Needs verification","Head of Analytics, Broader Africa","Head","Credit Analytics; Quantitative Analysis","Bank / analytics","Credit analytics management; quantitative analysis","Head","Indexed LinkedIn result states former FNB Credit Analytics Manager and Quantitative Analyst.","https://za.linkedin.com/in/alma-koegelenberg-54613758","7","Medium","Current company requires manual verification."
"CRSA-040","Unarine Netshiozwi","https://www.linkedin.com/in/unarine-netshiozwi","City of Johannesburg, Gauteng, South Africa","Bidvest Bank Limited","Quantitative Risk Analyst","Analyst","Quantitative Risk; Credit Risk; Data Science","Bank","Credit risk, data science and statistical modelling","Analyst","Indexed LinkedIn result states Quantitative Risk Analyst at Bidvest Bank with credit risk and data science.","https://www.linkedin.com/in/unarine-netshiozwi","8","High",""
"CRSA-041","Henry Edwards","https://za.linkedin.com/in/henry-edwards-1a65883b","South Africa","Anchor Point Risk / BDO South Africa","Owner / Head of Credit","Head","Credit Risk; Portfolio Risk","Consulting","Portfolio risk management; head of credit","Head","Indexed LinkedIn result states owner of Anchor Point Risk and Head of Credit at BDO South Africa Financial Services.","https://za.linkedin.com/in/henry-edwards-1a65883b","8","High",""
"CRSA-042","John Linfield, CFA PRM","https://za.linkedin.com/in/riskdataofficer","South Africa","Needs verification","Credit Risk Analytics and Decision Strategies Specialist","Consultant","Credit Risk; Decisioning; Credit Strategy","Consulting / analytics","Scoring and rating systems; credit strategy; transactional decisioning","Consultant","Indexed LinkedIn result states 25 years data analysis with credit risk analytics and decision strategies.","https://za.linkedin.com/in/riskdataofficer","8","Medium",""
"CRSA-043","Alizwa Jaza","https://za.linkedin.com/in/alizwa-jaza-2a818722b","City of Johannesburg, Gauteng, South Africa","Capitec","Capitec Future Leader | Credit Analytics & Reporting","Analyst","Credit Analytics; Reporting","Digital bank","Credit analytics and reporting","Analyst","Indexed LinkedIn result states Capitec Future Leader with Credit Analytics & Reporting.","https://za.linkedin.com/in/alizwa-jaza-2a818722b","8","High",""
"CRSA-044","Catherine Montsho","https://za.linkedin.com/in/catherine-montsho-b4503223","City of Johannesburg, Gauteng, South Africa","Nedbank Corporate & Investment Banking","Manager: Credit Risk Analytics & Evaluations","Manager","Credit Risk; Credit Analytics","Bank","CIB credit risk analytics and evaluations","Manager","Indexed LinkedIn result states Manager: Credit Risk Analytics & Evaluations at Nedbank CIB.","https://za.linkedin.com/in/catherine-montsho-b4503223","9","High",""
"CRSA-045","Prebashnee Prue Kanniah","https://za.linkedin.com/in/prebashnee-prue-kanniah-09508150","South Africa","Standard Bank South Africa","Head Strategy / Collections / Recoveries / Credit Risk / Portfolio Management","Head","Collections Strategy; Credit Risk; Portfolio Risk","Bank","Collections, recoveries and credit risk portfolio management","Head","Indexed LinkedIn result states Head Strategy / Collections / Recoveries / Credit Risk / Portfolio Management at Standard Bank.","https://za.linkedin.com/in/prebashnee-prue-kanniah-09508150","9","High",""
"CRSA-046","Neil du Toit","https://za.linkedin.com/in/neil-du-toit-67664257","South Africa","Needs verification","Head: Credit VAF Originations and Account Management","Head","Credit Strategy; Vehicle Finance Risk","Bank / vehicle finance","VAF originations; credit strategy","Head","Indexed LinkedIn result states responsibility for leading credit strategy in VAF originations and account management.","https://za.linkedin.com/in/neil-du-toit-67664257","8","Medium",""
"CRSA-047","Sarah Gnielka","https://za.linkedin.com/in/sarah-gnielka-13088194","Cape Town, Western Cape, South Africa","Confluent","Head of Credit Analytics","Head","Credit Analytics","Analytics vendor / fintech","Credit analytics leadership","Head","Indexed LinkedIn result states Head of Credit Analytics at Confluent in Cape Town.","https://za.linkedin.com/in/sarah-gnielka-13088194","8","High",""
"CRSA-048","Muhsin Kader","https://za.linkedin.com/in/muhsin-kader-5007bb299","South Africa","Needs verification","Senior Business Analyst & Credit Risk Analytics Leader","Senior Manager","Credit Risk; Credit Analytics; Credit Bureau / Data","Credit bureau / analytics","Credit bureau operations; credit ecosystem analytics","Manager","Indexed LinkedIn result states credit risk analytics leader with credit bureau operations experience.","https://za.linkedin.com/in/muhsin-kader-5007bb299","8","Medium",""
"CRSA-049","Thabane Gali","https://za.linkedin.com/in/thabane-gali-225a02179","City of Johannesburg, Gauteng, South Africa","Standard Bank South Africa","Credit Risk Portfolio Manager","Manager","Credit Risk; Portfolio Risk","Bank","Portfolio risk appetite; unsecured portfolio credit risk","Manager","Indexed LinkedIn result states Credit Risk Portfolio Manager at Standard Bank and portfolio risk appetite responsibilities.","https://za.linkedin.com/in/thabane-gali-225a02179","9","High",""
"CRSA-050","Nikita Maharaj","https://za.linkedin.com/in/nikita-maharaj-nm23","City of Johannesburg, Gauteng, South Africa","Nedbank","Portfolio Risk Management / Credit Strategy & Governance","Manager","Portfolio Risk; Credit Strategy; Governance","Bank","Business lending portfolio risk, credit strategy and governance","Manager","Indexed LinkedIn result states Portfolio Risk Management and Credit Strategy & Governance at Nedbank.","https://za.linkedin.com/in/nikita-maharaj-nm23","8","High",""
"CRSA-051","James Stafford Dearham","https://za.linkedin.com/in/james-dearham","South Africa","Old Mutual South Africa","Senior Quantitative Specialist | Credit Risk Scoring Models","Senior Analyst","Credit Risk; Scorecards; Quantitative Analysis","Insurance / lending","Credit risk scoring models; decisioning; pricing; credit strategy","Analyst","Indexed LinkedIn result states Senior Quantitative Specialist in credit risk scoring models at Old Mutual South Africa.","https://za.linkedin.com/in/james-dearham","9","High",""
"CRSA-052","Mhlanguleli Boqwana","https://za.linkedin.com/in/mhlanguleli-boqwana-22219b79","City of Johannesburg, Gauteng, South Africa","FNB South Africa","Credit Card – Data Scientist II","Senior Analyst","Data Science; Credit Risk","Bank","Credit card risk analytics","Analyst","Indexed LinkedIn result states Credit Card Data Scientist II at FNB.","https://za.linkedin.com/in/mhlanguleli-boqwana-22219b79","7","High",""
"CRSA-053","Nosipho Mfusi","https://za.linkedin.com/in/nosipho-mfusi-39923a116","South Africa","KPMG South Africa","Junior Consultant | Credit Risk Quantitative Analyst","Junior","Quantitative Credit Risk; Consulting","Consulting","Credit risk quantitative analysis","Consultant","Indexed LinkedIn result states Junior Consultant | Credit Risk Quantitative Analyst at KPMG South Africa.","https://za.linkedin.com/in/nosipho-mfusi-39923a116","8","High",""
"CRSA-054","Stuart Cox","https://za.linkedin.com/in/stuart-cox-b44856131","Cape Town, Western Cape, South Africa","JUMO","Portfolio Management Lead","Lead / Team Lead","Portfolio Risk; Credit Risk; Data Analytics","Fintech lending","Loan portfolio credit risk; product portfolio management","Lead","Indexed LinkedIn result states Portfolio Management Lead at JUMO managing credit risk of loan portfolios.","https://za.linkedin.com/in/stuart-cox-b44856131","9","High",""
"CRSA-055","Nhlanhla Hlatshwayo","https://za.linkedin.com/in/nhlanhla-hlatshwayo-79ba01111","City of Johannesburg, Gauteng, South Africa","African Bank","CIB & Coverage","Manager","Credit Strategy; Credit Risk","Bank","Credit strategy development and industry monitoring","Manager","Indexed LinkedIn result states African Bank CIB/Coverage with support for credit strategy development.","https://za.linkedin.com/in/nhlanhla-hlatshwayo-79ba01111","7","Medium",""
"CRSA-056","Christopher Mumbeck","https://za.linkedin.com/in/christopher-mumbeck-420529a1","City of Cape Town, Western Cape, South Africa","Capfin","Credit Risk Manager","Manager","Credit Risk","Unsecured lender","Consumer credit risk","Manager","Indexed LinkedIn result states Credit Risk Manager at Capfin.","https://za.linkedin.com/in/christopher-mumbeck-420529a1","9","High",""
"CRSA-057","Miriette Jordaan","https://za.linkedin.com/in/miriette-jordaan-09b4a72a","South Africa","TFG (The Foschini Group)","Portfolio Manager / Credit Risk","Manager","Portfolio Risk; Retail Credit","Retail credit","Retail credit risk value-based management","Manager","Indexed LinkedIn result states credit risk at TFG and portfolio manager experience.","https://za.linkedin.com/in/miriette-jordaan-09b4a72a","8","High",""
"CRSA-058","Julian Cairns","https://za.linkedin.com/in/julian-cairns-a6942b11a","City of Cape Town, Western Cape, South Africa","RCS","Risk Analyst","Analyst","Risk Analytics; Credit Risk","Retail credit","Risk analytics; junior credit risk history","Analyst","Indexed LinkedIn result states Risk Analyst at RCS and Junior Credit Risk experience.","https://za.linkedin.com/in/julian-cairns-a6942b11a","8","High",""
"CRSA-059","Alistair Everard","https://za.linkedin.com/in/alistair-everard-758122100","City of Cape Town, Western Cape, South Africa","RCS","Credit Risk Manager","Manager","Credit Risk","Retail credit","Retail credit risk management","Manager","Indexed LinkedIn result states Credit Risk Manager at RCS.","https://za.linkedin.com/in/alistair-everard-758122100","9","High",""
"CRSA-060","Mahmoodah Gierdien","https://za.linkedin.com/in/mahmoodah-gierdien-a5a91274","City of Cape Town, Western Cape, South Africa","RCS / Principa","Credit Risk Analyst","Analyst","Credit Risk","Retail credit / analytics vendor","Retail credit risk; Principa credit risk","Analyst","Indexed LinkedIn result states Credit Risk Analyst at RCS, Lewis Group and Principa.","https://za.linkedin.com/in/mahmoodah-gierdien-a5a91274","8","High",""
"CRSA-061","Jolene van den Berg","https://za.linkedin.com/in/jolene-van-den-berg-6967b643","South Africa","Capfin","Head of Decision Support and Analytics","Head","Credit Risk; Decision Support; Analytics","Unsecured lender","Credit risk analytics and decision support","Head","Indexed LinkedIn result states Head of Decision Support and Capfin senior credit risk analyst history.","https://za.linkedin.com/in/jolene-van-den-berg-6967b643","8","High",""
"CRSA-062","Ashwin Engelbrecht","https://za.linkedin.com/in/ashwin-engelbrecht-8b5186183","City of Cape Town, Western Cape, South Africa","TFG (The Foschini Group)","Credit Risk Analyst","Analyst","Credit Risk","Retail credit","Retail credit risk","Analyst","Indexed LinkedIn result states Credit Risk Analyst at TFG.","https://za.linkedin.com/in/ashwin-engelbrecht-8b5186183","9","High",""
"CRSA-063","Helgaard Doman","https://za.linkedin.com/in/helgaard-doman-3751a96a","City of Cape Town, Western Cape, South Africa","Truworths","Credit Risk Analyst","Analyst","Credit Risk","Retail credit","Retail credit risk","Analyst","Indexed LinkedIn result states Credit Risk Analyst at Truworths.","https://za.linkedin.com/in/helgaard-doman-3751a96a","9","High",""
"CRSA-064","Ed Symons","https://za.linkedin.com/in/ed-symons-84b1161b","City of Cape Town, Western Cape, South Africa","Kifiya Financial Technology / Independent","Credit Risk Strategy, Decisioning and Analytics","Consultant","Credit Strategy; Decisioning; Credit Analytics","Fintech / consulting","Credit risk strategy; decisioning; analytics","Consultant","Indexed LinkedIn result states credit risk strategy, decisioning and analytics and prior RCS senior credit risk analyst.","https://za.linkedin.com/in/ed-symons-84b1161b","8","High",""
"CRSA-065","David Coleman","https://za.linkedin.com/in/david-coleman-48440311","South Africa","RCS Personal Finance","Credit Risk Manager","Manager","Credit Risk","Retail credit","Personal finance credit risk","Manager","Indexed LinkedIn result states Credit Risk Manager at RCS Personal Finance.","https://za.linkedin.com/in/david-coleman-48440311","9","High",""
"CRSA-066","Tiaan De Jager","https://za.linkedin.com/in/tiaan-de-jager-53b5a321","Cape Town, Western Cape, South Africa","Woolworths Financial Services","Senior Credit Risk Analyst","Senior Analyst","Credit Risk","Retail credit","Retail credit risk","Analyst","Indexed LinkedIn result states Senior Credit Risk Analyst at Woolworths Financial Services.","https://za.linkedin.com/in/tiaan-de-jager-53b5a321","9","High",""
"CRSA-067","Dane Godwin","https://za.linkedin.com/in/dane-godwin-931b9642","South Africa","Woolworths Financial Services","Senior Credit Risk Analyst","Senior Analyst","Credit Risk","Retail credit","Retail credit risk","Analyst","Indexed LinkedIn result states Senior Credit Risk Analyst at Woolworths Financial Services and current WFS experience.","https://za.linkedin.com/in/dane-godwin-931b9642","8","High",""
"CRSA-068","Kaylynne Denton","https://za.linkedin.com/in/kaylynne-denton-a23153124","City of Cape Town, Western Cape, South Africa","RCS","Senior Credit Risk Analyst","Senior Analyst","Credit Risk; Data Science","Retail credit","Retail credit risk; data science","Analyst","Indexed LinkedIn result states Senior Credit Risk Analyst at RCS.","https://za.linkedin.com/in/kaylynne-denton-a23153124","9","High",""
"CRSA-069","Fatgie Adams","https://za.linkedin.com/in/fatgie-adams-86443739","City of Cape Town, Western Cape, South Africa","TransUnion Africa","Director - Credit Risk Solutions","Head","Credit Risk; Credit Bureau / Data; Credit Scoring","Credit bureau","Credit risk solutions; alternative data; scoring; analytics","Head","Indexed LinkedIn result states Director - Credit Risk Solutions at TransUnion Africa.","https://za.linkedin.com/in/fatgie-adams-86443739","9","High",""
"CRSA-070","Darrel Bhugwandas","https://za.linkedin.com/in/bhugwandas","Cape Town, Western Cape, South Africa","Truworths","Senior Analyst | ML & AI / Credit Risk Analyst","Senior Analyst","Credit Risk; Data Science","Retail credit","Retail credit analytics; ML/AI","Analyst","Indexed LinkedIn result states Credit Risk Analyst at Truworths and senior analyst ML & AI.","https://za.linkedin.com/in/bhugwandas","8","High",""
"CRSA-071","Nawaal Dawood","https://za.linkedin.com/in/nawaal-dawood-93207710","Cape Town, Western Cape, South Africa","Needs verification","Credit Risk Specialist","Senior Analyst","Credit Risk","Retail credit","Retail credit risk","Analyst","Indexed LinkedIn result states Credit Risk Specialist and Senior Credit Risk Analyst at Woolworths Financial Services.","https://za.linkedin.com/in/nawaal-dawood-93207710","8","Medium","Current company requires manual verification."
"CRSA-072","Daisy Kheswa","https://za.linkedin.com/in/daisy-kheswa-b23340a5","South Africa","Absa Group","Manager: Collections Strategy Credit Risk","Manager","Collections Strategy; Credit Risk","Bank","Collections strategy and credit risk","Manager","Indexed LinkedIn result states Manager: Collections Strategy Credit Risk at Absa Group.","https://za.linkedin.com/in/daisy-kheswa-b23340a5","9","High",""
"CRSA-073","Andrew van Huyssteen","https://za.linkedin.com/in/andrew-van-huyssteen-35079a94","South Africa","FNB South Africa","Business Intelligence Manager, Collections Analytics","Manager","Collections Analytics; Data Analytics; Credit Risk","Bank","Collections analytics and credit risk data analytics","Manager","Indexed LinkedIn result states BI Manager, Collections Analytics at FNB South Africa with credit risk skill.","https://za.linkedin.com/in/andrew-van-huyssteen-35079a94","8","High",""
"CRSA-074","Lauren Esterhuizen (Price)","https://za.linkedin.com/in/lauren-esterhuizen-price-34382457","City of Johannesburg, Gauteng, South Africa","Experian","Credit Risk Modeling Specialist","Senior Analyst","Credit Risk Modelling; Portfolio Analytics","Credit bureau / analytics","Credit risk modelling; portfolio analytics; variable innovation","Analyst","Indexed LinkedIn result states credit risk modelling and portfolio analytics at Experian.","https://za.linkedin.com/in/lauren-esterhuizen-price-34382457","8","High",""
"CRSA-075","Vhonani Tsanwani","https://za.linkedin.com/in/vhonani-tsanwani","Gauteng, South Africa","Capitec","Credit Specialist / Credit Strategy / Collections Analytics","Senior Analyst","Credit Strategy; Collections Analytics","Digital bank","Credit strategy; collections analytics; data-driven solutions","Analyst","Indexed LinkedIn result states credit strategy, collections analytics and Capitec.","https://za.linkedin.com/in/vhonani-tsanwani","8","High",""
"CRSA-076","Abel Letoaba","https://za.linkedin.com/in/abel-letoaba-506145123","South Africa","African Bank","Collections Analytics and Strategy Manager","Manager","Collections Analytics; Collections Strategy; Credit Risk","Bank / unsecured lender","Collections analytics and strategy; prior credit risk analyst","Manager","Indexed LinkedIn result states Collections Analytics and Strategy Manager at African Bank and prior Credit Risk Analyst at Absa.","https://za.linkedin.com/in/abel-letoaba-506145123","9","High",""
"CRSA-077","Randall Moosajie","https://za.linkedin.com/in/randall-moosajie-53a73879","South Africa","Needs verification","Senior Leader in Credit Risk & Collections Strategy","Senior Manager","Credit Risk; Collections Strategy","Bank / financial services","Credit risk and collections strategy","Manager","Indexed LinkedIn result states senior leader in credit risk and collections strategy.","https://za.linkedin.com/in/randall-moosajie-53a73879","8","Medium",""
"CRSA-078","Todani Nemadzhilili","https://za.linkedin.com/in/todani-nemadzhilili-38133945","South Africa","Land and Agricultural Development Bank of South Africa","Credit Risk and Debt Collections Expert","Manager","Credit Risk; Collections Analytics","Bank / development finance","Debt collections; collections operations analytics","Manager","Indexed LinkedIn result states credit risk and debt collections expert with collections analytics role.","https://za.linkedin.com/in/todani-nemadzhilili-38133945","8","High",""
"CRSA-079","Bonani Mkoko","https://za.linkedin.com/in/bonani-mkoko-b5655824","City of Johannesburg, Gauteng, South Africa","TransUnion","Credit Risk Analyst","Analyst","Credit Risk; Credit Bureau / Data","Credit bureau","Credit bureau risk analytics","Analyst","Indexed LinkedIn result states Credit Risk Analyst at TransUnion.","https://za.linkedin.com/in/bonani-mkoko-b5655824","8","High",""
"CRSA-080","Nerietha van der Westhuizen","https://za.linkedin.com/in/nerietha-van-der-westhuizen-0540929b","South Africa","Experian","Analytics Manager - Modelling Team","Manager","Credit Risk Modelling; Decision Analytics","Credit bureau / analytics","Credit risk modelling and decision analytics","Manager","Indexed LinkedIn result states Analytics Manager for modelling team at Experian with credit risk modelling and decision analytics expertise.","https://za.linkedin.com/in/nerietha-van-der-westhuizen-0540929b","9","High",""
"CRSA-081","David Coleman","https://za.linkedin.com/in/david-coleman-7459a928","South Africa","Experian South Africa","Data, Analytics, Product and Commercial Leader","Senior Manager","Credit Risk; Predictive Modelling; Analytics","Credit bureau / analytics","Predictive modelling and analytics strategy for Experian South Africa","Manager","Indexed LinkedIn result states accountable for analytics strategy, predictive modelling and revenue growth across Experian South Africa.","https://za.linkedin.com/in/david-coleman-7459a928","7","High","Different profile from RCS David Coleman."
"CRSA-082","Thehan Claassen","https://za.linkedin.com/in/thehan-claassen","City of Johannesburg, Gauteng, South Africa","Needs verification","Executive Credit Solutions & Innovation","Executive","Credit Risk; Credit Scoring; Affordability; Collections Analytics","Credit bureau / analytics","Pricing, credit scoring, affordability, impairments, fraud, collections analytics","Head","Indexed LinkedIn result states Executive Credit Solutions & Innovation with scoring, affordability and collections analytics.","https://za.linkedin.com/in/thehan-claassen","9","Medium",""
"CRSA-083","Siphethokuhle Maphosa","https://za.linkedin.com/in/siphethokuhle-maphosa-7b8b3952","Germiston Metropolitan Area, South Africa","TransUnion","Credit Risk Administrator","Junior","Credit Risk; Credit Bureau / Data","Credit bureau","Credit risk administration","Analyst","Indexed LinkedIn result states Credit Risk Administrator at TransUnion.","https://za.linkedin.com/in/siphethokuhle-maphosa-7b8b3952","6","High",""
"CRSA-084","Mark Steinhaus","https://za.linkedin.com/in/mark-steinhaus-48a6034a","South Africa","FNB","Head of Credit Analytics and Impairments","Head","Credit Analytics; IFRS 9 / Impairments; Collections Analytics","Bank","Credit analytics, impairment and collections analytics","Head","Indexed LinkedIn result states Head of Credit Analytics and earlier collections/impairment credit management analytics.","https://za.linkedin.com/in/mark-steinhaus-48a6034a","9","High",""
"CRSA-085","Rudi Pollard","https://za.linkedin.com/in/rudi-pollard-2b900a21","Johannesburg Area, South Africa","Needs verification","Head: Model Risk & Insights","Head","Model Risk; IFRS 9 / Impairments; Credit Risk","Bank / financial services","Model risk, credit risk, IFRS 9 and stress testing","Head","Indexed LinkedIn result states Head: Model Risk & Insights covering credit risk, IFRS 9 and stress testing.","https://za.linkedin.com/in/rudi-pollard-2b900a21","9","Medium",""
"CRSA-086","Andre du Plessis","https://za.linkedin.com/in/andre-du-plessis-48a89916","Stellenbosch, South Africa","Capitec Bank","Senior Specialist: Model Validation","Senior Manager","Model Risk; Model Validation","Digital bank","Model risk management and model validation","Manager","Indexed LinkedIn result states Senior Specialist: Model Validation at Capitec Bank.","https://za.linkedin.com/in/andre-du-plessis-48a89916","8","High",""
"CRSA-087","Katleho Mphuthi","https://za.linkedin.com/in/katleho-mphuthi-3a8454131","South Africa","Old Mutual South Africa","Credit Risk | IFRS9 Impairment | Portfolio Management | Modelling","Senior Analyst","Credit Risk; IFRS 9 / Impairments; Portfolio Risk","Insurance / lending","IFRS 9 impairment, portfolio management and modelling","Analyst","Indexed LinkedIn result states Credit Risk, IFRS9 Impairment, Portfolio Management and Modelling at Old Mutual South Africa.","https://za.linkedin.com/in/katleho-mphuthi-3a8454131","9","High",""
"CRSA-088","Maureen Stamiri","https://za.linkedin.com/in/maureen-stamiri-03844b3a","South Africa","African Bank","Senior Manager: Model Risk & Analytics","Senior Manager","Model Risk; Credit Risk Models; Analytics","Bank / unsecured lender","Credit risk models and risk governance","Manager","Indexed LinkedIn result states Senior Manager: Model Risk & Analytics at African Bank managing credit risk models and governance.","https://za.linkedin.com/in/maureen-stamiri-03844b3a","9","High",""
"CRSA-089","Lehlohonolo Motimela","https://za.linkedin.com/in/lehlohonolo-motimela-08431387","City of Johannesburg, Gauteng, South Africa","Absa Group","Head of Model Validation: Wholesale Credit","Head","Model Risk; Model Validation; Wholesale Credit Risk","Bank","Wholesale credit model validation","Head","Indexed LinkedIn result states Head of Model Validation: Wholesale Credit at Absa Group.","https://za.linkedin.com/in/lehlohonolo-motimela-08431387","9","High",""
"CRSA-090","Wikus Duvenhage","https://za.linkedin.com/in/wikus-duvenhage-59398b1b","South Africa","Needs verification","Head: PPB SA Capital & Impairment","Head","IFRS 9 / Impairments; Credit Risk; Capital","Bank","Capital and impairment; credit risk due diligence","Head","Indexed LinkedIn result states Head: PPB SA Capital & Impairment and credit risk due diligence.","https://za.linkedin.com/in/wikus-duvenhage-59398b1b","8","Medium",""
"CRSA-091","Andri Theunissen","https://za.linkedin.com/in/andri-theunissen-767b4164","South Africa","Nedbank","Divisional Head: Model Risk","Head","Model Risk; Credit Risk Modelling","Bank","Model risk frameworks and credit risk modelling","Head","Indexed LinkedIn result states Nedbank Divisional Head: Model Risk with credit risk modelling and model risk frameworks.","https://za.linkedin.com/in/andri-theunissen-767b4164","9","High",""
"CRSA-092","Santhrika Pillay, FRM","https://za.linkedin.com/in/santhrika-pillay-frm-80482174","South Africa","Needs verification","Model Risk Validations Lead","Lead / Team Lead","Model Risk; Model Validation; Credit Risk","Bank / financial services","Independent validations of bank models including credit risk","Lead","Indexed LinkedIn result states Model Risk Validations Lead and validation of bank models including credit risk.","https://za.linkedin.com/in/santhrika-pillay-frm-80482174","8","Medium",""
"CRSA-093","Devandren Naidoo","https://za.linkedin.com/in/devandren-naidoo-633190104","Johannesburg Area, South Africa","Discovery Limited","Credit Risk Management","Manager","Credit Risk; IFRS 9 / Impairments; Portfolio Risk","Digital bank / insurance","Home loans credit, impairments and portfolio management","Manager","Indexed LinkedIn result states Credit Risk Management at Discovery Limited and home loans credit impairments and portfolio.","https://za.linkedin.com/in/devandren-naidoo-633190104","8","High",""
"CRSA-094","Lindokuhle Masina","https://za.linkedin.com/in/lindokuhle-masina-85845b131","City of Cape Town, Western Cape, South Africa","Capitec","Model Risk Management","Senior Analyst","Model Risk","Digital bank","Model risk management","Analyst","Indexed LinkedIn result states Model Risk Management at Capitec.","https://za.linkedin.com/in/lindokuhle-masina-85845b131","8","High",""
"CRSA-095","Wendy Scott","https://za.linkedin.com/in/wendy-scott-88a1702a","City of Johannesburg, Gauteng, South Africa","Absa Group","Retail Model Validation Senior Analyst","Senior Analyst","Model Risk; Model Validation; Retail Credit","Bank","Retail model validation","Analyst","Indexed LinkedIn result states Retail Model Validation Senior Analyst at Absa Group.","https://za.linkedin.com/in/wendy-scott-88a1702a","8","High",""
"CRSA-096","Matapa Priscilla Dapa","https://za.linkedin.com/in/matapa-priscilla-dapa-137073a7","City of Johannesburg, Gauteng, South Africa","Nedbank","Credit Risk and Model Risk Audit Professional","Senior Analyst","Credit Risk; Model Risk; Audit","Bank","Credit and model risk audit","Analyst","Indexed LinkedIn result states Credit risk and Model risk Audit Professional at Nedbank.","https://za.linkedin.com/in/matapa-priscilla-dapa-137073a7","8","High",""
"CRSA-097","Ania Kamerski","https://za.linkedin.com/in/ania-kamerski-93286223","South Africa","KPMG South Africa","Actuary: Banking Specialist","Senior Consultant","Credit Risk Modelling; IFRS 9 / Impairments","Consulting","Credit risk modelling for regulatory and impairment purposes","Consultant","Indexed LinkedIn result states KPMG South Africa banking specialist focused on credit risk modelling for regulatory and impairment purposes.","https://za.linkedin.com/in/ania-kamerski-93286223","8","High",""
"CRSA-098","Rashmika Singh","https://za.linkedin.com/in/rashmika-singh-03554764","City of Johannesburg, Gauteng, South Africa","Standard Bank","Quantitative Analyst: Model Risk Internal Audit","Analyst","Model Risk; Quantitative Risk","Bank","Model risk internal audit","Analyst","Indexed LinkedIn result states Quantitative Analyst: Model Risk Internal Audit at Standard Bank.","https://za.linkedin.com/in/rashmika-singh-03554764","8","High",""
"CRSA-099","Blake Meilhon","https://za.linkedin.com/in/blake-meilhon-737b711b","South Africa","Needs verification","Head: Model Validation Banking CIB","Head","Model Risk; Model Validation; Credit Risk","Bank","Credit risk model validation","Head","Indexed LinkedIn result states Head: Model Validation Banking CIB and support for credit risk model validations.","https://za.linkedin.com/in/blake-meilhon-737b711b","8","Medium",""
"CRSA-100","Lodewyk van der Vyver","https://za.linkedin.com/in/lodewyk-van-der-vyver-37b8b71a4","Johannesburg, Gauteng, South Africa","Needs verification","Head: Model Validation CHNW","Head","Model Risk; Model Validation; Wholesale Credit Risk","Bank","Initial and ongoing validations of wholesale credit risk models","Head","Indexed LinkedIn result states Head: Model Validation CHNW in Johannesburg and wholesale credit risk model validation.","https://za.linkedin.com/in/lodewyk-van-der-vyver-37b8b71a4","8","Medium",""
"CRSA-101","Libhongo L.","https://za.linkedin.com/in/libhongo-l-318b81120","South Africa","Needs verification","Data Science | Credit Risk (IFRS 9 and BA200)","Analyst","Data Science; Credit Risk; IFRS 9 / Impairments","Bank / financial services","IFRS 9 provisions, ECL estimation and BA200","Analyst","Indexed LinkedIn result states Data Science, Credit Risk, IFRS 9 and BA200.","https://za.linkedin.com/in/libhongo-l-318b81120","8","Medium",""
"CRSA-102","Benny Mashimbye","https://za.linkedin.com/in/benny-mashimbye-658988110","City of Cape Town, Western Cape, South Africa","Needs verification","Quantitative Analyst | Credit Risk (Retail and Business Bank)","Analyst","Quantitative Credit Risk; Retail Credit","Bank","Retail and business bank credit risk","Analyst","Indexed LinkedIn result states Quantitative Analyst, Credit Risk (Retail and Business Bank).","https://za.linkedin.com/in/benny-mashimbye-658988110","8","Medium",""
"CRSA-103","Abraham Louw","https://za.linkedin.com/in/abraham-louw-a04850b6","Cape Town Area, South Africa","Woolworths Financial Services","Chief Risk Officer","Executive","Credit Risk; IFRS 9 / Impairments; Collections Strategy","Retail credit / insurance","Strategic credit risk, impairment, collections","Executive","Indexed LinkedIn result states CRO at Woolworths Financial Services with executive responsibility for credit risk, impairment and collections.","https://za.linkedin.com/in/abraham-louw-a04850b6","8","High",""
"CRSA-104","Mmasekatle Edwin Mehala","https://za.linkedin.com/in/mmasekatle-edwin-mehala-a0495b45","South Africa","Needs verification","Model Risk | Credit Risk | Fraud and Operational Analytics","Senior Analyst","Model Risk; Credit Risk; Fraud Risk","Bank / financial services","Model risk, credit risk and fraud analytics","Analyst","Indexed LinkedIn result states Model Risk, Credit Risk, Fraud and Operational Analytics.","https://za.linkedin.com/in/mmasekatle-edwin-mehala-a0495b45","8","Medium",""
"CRSA-105","Denzel Ramsbottom","https://za.linkedin.com/in/denzel-ramsbottom-241571156","Johannesburg Metropolitan Area, South Africa","KPMG South Africa","Credit Risk - Quantitative Analyst | Assistant Manager","Consultant","Quantitative Credit Risk; Consulting","Consulting","Credit risk quantitative analysis","Consultant","Indexed LinkedIn result states Credit Risk - Quantitative Analyst | Assistant Manager at KPMG South Africa.","https://za.linkedin.com/in/denzel-ramsbottom-241571156","9","High",""
"CRSA-106","Phumudzo Nematswerani","https://za.linkedin.com/in/phumudzo-nematswerani-52519415b","City of Johannesburg, Gauteng, South Africa","Needs verification","Credit Risk Data Scientist","Analyst","Credit Risk; Data Science","Bank / financial services","Credit risk data science","Analyst","Indexed LinkedIn result states Credit Risk Data Scientist.","https://za.linkedin.com/in/phumudzo-nematswerani-52519415b","8","Medium",""
"CRSA-107","Thabang Mokoena","https://za.linkedin.com/in/thabang-mokoena-m-sc-b8814280","City of Johannesburg, Gauteng, South Africa","Needs verification","Data Scientist | Credit Risk Analyst","Analyst","Credit Risk; Data Science; Retail Credit","Bank / retail credit","Retail credit risk; decision support","Analyst","Indexed LinkedIn result states Data Scientist, Credit Risk Analyst and retail credit risk.","https://za.linkedin.com/in/thabang-mokoena-m-sc-b8814280","8","Medium",""
"CRSA-108","Teballo Kgomo","https://za.linkedin.com/in/teballo-kgomo-07bb43125","South Africa","Vodacom / former Capitec","Senior Data Scientist / former Credit Risk Data Scientist","Senior Analyst","Credit Risk; Data Science; Scorecards","Digital bank / telecoms","Scorecard development and maintenance","Analyst","Indexed LinkedIn result states prior Capitec Credit Risk Data Scientist developing/maintaining scorecards.","https://za.linkedin.com/in/teballo-kgomo-07bb43125","7","Medium",""
"CRSA-109","Thato Makhetha","https://za.linkedin.com/in/thato-makhetha-b21a5557","South Africa","FNB South Africa","Data Scientist II | Credit Risk","Senior Analyst","Credit Risk; Data Science","Bank","Private core banking credit risk analytics","Analyst","Indexed LinkedIn result states Data Scientist II | Credit Risk at FNB Private Core Banking.","https://za.linkedin.com/in/thato-makhetha-b21a5557","9","High",""
"CRSA-110","Thulani Singwane","https://za.linkedin.com/in/thulani-singwane-4042b8283","South Africa","Standard Bank South Africa","Senior Quantitative Analyst - Capital & Impairments Modelling","Senior Analyst","Quantitative Credit Risk; IFRS 9 / Impairments","Bank","Capital and impairments modelling","Analyst","Indexed LinkedIn result states Senior Quantitative Analyst - Capital & Impairments Modelling at Standard Bank.","https://za.linkedin.com/in/thulani-singwane-4042b8283","9","High",""
"CRSA-111","Matlhomola Mohlala","https://za.linkedin.com/in/matlhomola-mohlala-764a12244","South Africa","Needs verification","Data Scientist | Quantitative Analyst | Credit Risk (PD)","Analyst","Data Science; Quantitative Credit Risk","Bank / financial services","PD modelling and predictive modelling","Analyst","Indexed LinkedIn result states Data Scientist / Quantitative Analyst with Credit Risk (PD) and predictive modelling.","https://za.linkedin.com/in/matlhomola-mohlala-764a12244","8","Medium",""
"CRSA-112","Marni Cronje","https://za.linkedin.com/in/marni-cronje-324747187","South Africa","FNB South Africa","Data Scientist III - Credit Risk Scoring","Senior Analyst","Credit Risk; Credit Scoring; Data Science","Bank","Credit risk scoring","Analyst","Indexed LinkedIn result states FNB Data Scientist III Credit Risk Scoring.","https://za.linkedin.com/in/marni-cronje-324747187","9","High",""
"CRSA-113","Catherine Jeffery","https://za.linkedin.com/in/catherine-jeffery-5417a7184","City of Cape Town, Western Cape, South Africa","Nedbank","Senior Quantitative Analyst","Senior Analyst","Quantitative Risk; Credit Risk","Bank","Consumer innovation and credit-risk analytics","Analyst","Indexed LinkedIn result states Senior Quantitative Analyst at Nedbank driving credit-risk work.","https://za.linkedin.com/in/catherine-jeffery-5417a7184","8","High",""
"CRSA-114","Sias Mulder","https://za.linkedin.com/in/sias-mulder-16792066","South Africa","FirstRand Group","Data Scientist","Senior Analyst","Credit Risk; Data Science; Quantitative Analytics","Bank","Credit risk modelling; quantitative analytics; data science","Analyst","Indexed LinkedIn result states Data Scientist at FirstRand Group and credit risk specialist.","https://za.linkedin.com/in/sias-mulder-16792066","8","High",""
"CRSA-115","Monique Tommy","https://za.linkedin.com/in/monique-tommy-3a8573306","South Africa","FNB South Africa","Credit Risk Analyst","Analyst","Credit Risk","Bank","Banking credit risk","Analyst","Indexed LinkedIn result states Credit Risk Analyst at FNB South Africa.","https://za.linkedin.com/in/monique-tommy-3a8573306","8","High",""
"CRSA-116","Ndivho Ndadza","https://za.linkedin.com/in/ndivho-ndadza-8197aa223","South Africa","WesBank","Credit Analyst","Analyst","Credit Risk; Vehicle Finance Risk","Vehicle finance","Vehicle asset finance credit analysis and credit risk","Analyst","Indexed LinkedIn result states Credit Analyst at WesBank with financial analysis and credit risk.","https://za.linkedin.com/in/ndivho-ndadza-8197aa223","8","High",""
"CRSA-117","Nthabiseng Mina Mokonyane","https://za.linkedin.com/in/nthabiseng-mina-mokonyane-4454ba268","Midrand, Gauteng, South Africa","Discovery Bank","Credit Risk Consultant","Consultant","Credit Risk; Consulting","Digital bank","Credit risk consulting","Consultant","Indexed LinkedIn result states Credit Risk Consultant at Discovery Bank.","https://za.linkedin.com/in/nthabiseng-mina-mokonyane-4454ba268","9","High",""
"CRSA-118","Caswel Manchidi","https://za.linkedin.com/in/caswel-manchidi-4b3516b8","City of Johannesburg, Gauteng, South Africa","FNB South Africa","Credit Risk Analyst","Analyst","Credit Risk","Bank","Banking credit risk","Analyst","Indexed LinkedIn result states Credit Risk Analyst at FNB South Africa.","https://za.linkedin.com/in/caswel-manchidi-4b3516b8","8","High",""
"CRSA-119","Engelbert Meyer","https://za.linkedin.com/in/engelbert-meyer-87594017","South Africa","FirstRand Bank Limited","Head of Group Credit Risk Management","Head","Credit Risk; Retail Credit; SME Credit","Bank","Group credit risk management; retail and SME credit","Head","Indexed LinkedIn result states Head of Group Credit Risk Management at FirstRand Bank Limited.","https://za.linkedin.com/in/engelbert-meyer-87594017","9","High",""
"CRSA-120","Katlego Maluleka","https://za.linkedin.com/in/katlego-maluleka-8701b21a3","Randburg, Gauteng, South Africa","WesBank","Quantitative Analyst | Credit Risk | Motor Risk Management","Analyst","Quantitative Credit Risk; Vehicle Finance Risk","Vehicle finance","Motor risk management; credit risk","Analyst","Indexed LinkedIn result states Quantitative Analyst at WesBank with Credit Risk and Motor Risk Management.","https://za.linkedin.com/in/katlego-maluleka-8701b21a3","9","High",""
"CRSA-121","Thabile Mfusi","https://za.linkedin.com/in/thabile-mfusi-74b64816","City of Johannesburg, Gauteng, South Africa","FNB South Africa","Credit Risk Analyst","Analyst","Credit Risk","Bank","Banking credit risk","Analyst","Indexed LinkedIn result states Credit Risk Analyst at FNB South Africa.","https://za.linkedin.com/in/thabile-mfusi-74b64816","8","High",""
"CRSA-122","Jaco Johannes Loots","https://za.linkedin.com/in/jacojloots","South Africa","FirstRand Group","Economic Capital Head - Capital Management","Head","Basel / Regulatory Credit Risk; IFRS 9; Credit Risk Modelling","Bank","Economic capital, credit risk modelling, Basel, IFRS 9","Head","Indexed LinkedIn result states economic capital head with credit risk modelling, Basel and IFRS9 specialities.","https://za.linkedin.com/in/jacojloots","8","High",""
"CRSA-123","Kagiso More","https://za.linkedin.com/in/kagiso-more-23752a158","City of Johannesburg, Gauteng, South Africa","WesBank","Credit Analyst","Analyst","Credit Risk; Vehicle Finance Risk","Vehicle finance","Vehicle finance credit analysis","Analyst","Indexed LinkedIn result states Credit Analyst at WesBank.","https://za.linkedin.com/in/kagiso-more-23752a158","7","High",""
"CRSA-124","Marthinus van der Linde","https://za.linkedin.com/in/marthinus-van-der-linde-750861b","City of Johannesburg, Gauteng, South Africa","Discovery Bank","Head of Credit","Head","Credit Risk; Credit Strategy","Digital bank","Bank credit leadership","Head","Indexed LinkedIn result states Head of Credit - Discovery Bank.","https://za.linkedin.com/in/marthinus-van-der-linde-750861b","9","High",""
"CRSA-125","Patcinda Fransch","https://za.linkedin.com/in/patcinda-fransch-08857219a","Johannesburg Area, South Africa","Discovery Bank","Credit Risk Team Lead","Lead / Team Lead","Credit Risk","Digital bank","Credit risk team leadership","Lead","Indexed LinkedIn result states Credit Risk Team Lead at Discovery Bank.","https://za.linkedin.com/in/patcinda-fransch-08857219a","9","High",""
"CRSA-126","Thanyani Ntsieni","https://za.linkedin.com/in/thanyani-ntsieni-0a914692","South Africa","FirstRand Group / Rand Merchant Bank","Credit Portfolio Management Analyst","Analyst","Portfolio Risk; Credit Risk","Bank","Credit portfolio management","Analyst","Indexed LinkedIn result states Credit Portfolio Management Analyst at RMB / FirstRand.","https://za.linkedin.com/in/thanyani-ntsieni-0a914692","8","High",""
"CRSA-127","Boitumelo Phewa","https://za.linkedin.com/in/boitumelo-phewa-480a331b","City of Johannesburg, Gauteng, South Africa","Discovery Bank","Credit Risk Specialist","Senior Analyst","Credit Risk","Digital bank","Credit risk specialist","Analyst","Indexed LinkedIn result states Credit Risk Specialist at Discovery Bank.","https://za.linkedin.com/in/boitumelo-phewa-480a331b","8","High",""
"CRSA-128","Pieter Uys","https://za.linkedin.com/in/pieteruys","South Africa","FNB South Africa","Head of Scored Credit and SME Credit - Broader Africa Commercial","Head","Credit Scoring; SME Credit; Credit Risk","Bank","Scored credit, SME credit, pricing and analytics","Head","Indexed LinkedIn result states Head of Scored Credit and SME Credit and prior Head of Credit Risk, Pricing and Analytics.","https://za.linkedin.com/in/pieteruys","9","High",""
"CRSA-129","Motheo Mofamere","https://za.linkedin.com/in/motheo-mofamere-63600b18a","South Africa","Discovery Bank","Divisional Manager - Account Management: Credit Risk Analytics","Manager","Credit Risk; Credit Analytics","Digital bank","Account management credit risk analytics","Manager","Indexed LinkedIn result states Divisional Manager - Account Management: Credit Risk Analytics at Discovery Bank.","https://za.linkedin.com/in/motheo-mofamere-63600b18a","9","High",""
"CRSA-130","Talha Masood","https://za.linkedin.com/in/talha-masood-1128a189","South Africa","Rand Merchant Bank","XVA Structurer / former Wholesale Credit Quantitative Analyst","Senior Analyst","Quantitative Credit Risk; Wholesale Credit","Bank","Wholesale credit quantitative risk analytics","Analyst","Indexed LinkedIn result states RMB Global Markets XVA Structurer and prior Quantitative Risk Analytics (Credit Risk) / Wholesale Credit.","https://za.linkedin.com/in/talha-masood-1128a189","7","High",""
"CRSA-131","Paul Claassen","https://za.linkedin.com/in/paul-claassen-a928bb4b","Johannesburg Area, South Africa","Discovery Bank","Credit Originations Manager","Manager","Credit Strategy; Decisioning","Digital bank","Credit originations","Manager","Indexed LinkedIn result states Credit Originations Manager at Discovery Bank.","https://za.linkedin.com/in/paul-claassen-a928bb4b","8","High",""
"CRSA-132","Bryan Port","https://za.linkedin.com/in/bryanport","South Africa","FirstRand Group","Risk Head","Head","Credit Risk; Governance","Bank","Credit risk governance management of FNB international subsidiaries","Head","Indexed LinkedIn result states Risk Head at FirstRand with responsibility for credit risk governance management.","https://za.linkedin.com/in/bryanport","8","High",""
"CRSA-133","Raihaan Samsoodeen","https://za.linkedin.com/in/raihaan-samsoodeen-85a78b138","City of Johannesburg, Gauteng, South Africa","FirstRand Group","Credit Analyst","Analyst","Credit Risk; Credit Analysis","Bank","Banking credit analysis","Analyst","Indexed LinkedIn result states Credit Analyst at FirstRand Group.","https://za.linkedin.com/in/raihaan-samsoodeen-85a78b138","7","High",""
"CRSA-134","Tshepiso Mthimunye","https://za.linkedin.com/in/tshepiso-mthimunye-8517a71b4","South Africa","WesBank","Credit Analyst","Analyst","Credit Risk; Vehicle Finance Risk","Vehicle finance","Credit scoring models and credit risk evaluation","Analyst","Indexed LinkedIn result states Credit Analyst at WesBank using credit scoring models to evaluate credit risk.","https://za.linkedin.com/in/tshepiso-mthimunye-8517a71b4","8","High",""
"CRSA-135","Zander Cronje","https://za.linkedin.com/in/zander-cronje-8182ba15b","South Africa","Discovery Bank","Head of Credit Risk Models & Measurement","Head","Credit Risk Modelling; Model Risk","Digital bank","Credit risk models and measurement","Head","Indexed LinkedIn result states Head of Credit Risk Models & Measurement at Discovery Bank.","https://za.linkedin.com/in/zander-cronje-8182ba15b","9","High",""
"CRSA-136","Pieter M.","https://za.linkedin.com/in/pieter-maritz-datascience","City of Cape Town, Western Cape, South Africa","Tyme","Credit Risk Management, Data Science, Credit Scoring","Manager","Credit Risk; Data Science; Credit Scoring","Digital bank","Credit scoring; credit risk management","Manager","Indexed LinkedIn result states Credit Risk Management, Data Science and Credit Scoring at Tyme.","https://za.linkedin.com/in/pieter-maritz-datascience","9","High",""
"CRSA-137","Karl Martin","https://za.linkedin.com/in/karl-brian-martin","City of Cape Town, Western Cape, South Africa","Kuda","Product & Operations - Credit Decisioning","Manager","Decisioning; Credit Strategy","Fintech lending","Credit decisioning; fintech product operations","Manager","Indexed LinkedIn result states Product & Operations - Credit Decisioning at Kuda.","https://za.linkedin.com/in/karl-brian-martin","7","High",""
"CRSA-138","Morris Pretorius","https://za.linkedin.com/in/morris-pretorius-33222234","South Africa","Capitec Bank","Credit Specialist: Affordability Intelligence","Senior Analyst","Affordability; Credit Risk","Digital bank","Affordability intelligence and credit risk","Analyst","Indexed LinkedIn result states Credit Specialist: Affordability Intelligence at Capitec Bank.","https://za.linkedin.com/in/morris-pretorius-33222234","9","High",""
"CRSA-139","Juleiga Regal","https://za.linkedin.com/in/juleiga-regal-9190a04","City of Cape Town, Western Cape, South Africa","Intelligent Debt Management","Head of Credit Decisioning","Head","Decisioning; Credit Strategy","Debt review / fintech","Credit decisioning","Head","Indexed LinkedIn result states Head of Credit Decisioning at Intelligent Debt Management.","https://za.linkedin.com/in/juleiga-regal-9190a04","8","High",""
"CRSA-140","Nikola van der Linde","https://za.linkedin.com/in/nikola-van-der-linde-73371213","South Africa","Yoco","Credit Risk Manager","Manager","Credit Risk; Credit Policy; Affordability; Collections Policy","Fintech lending","Credit risk framework, credit policy, affordability framework and collections policy","Manager","Indexed LinkedIn result states Credit Risk Manager at Yoco and responsibility for credit risk framework/policies.","https://za.linkedin.com/in/nikola-van-der-linde-73371213","9","High",""
"CRSA-141","Keshnie July","https://za.linkedin.com/in/keshnie-july-6997573a","City of Johannesburg, Gauteng, South Africa","Needs verification","Product Management | Credit Decisioning","Manager","Decisioning; Credit Strategy","Credit bureau / risk software","Credit strategy implementation and automated decisioning","Manager","Indexed LinkedIn result states credit decisioning product management and Global Consultant EMEA at Experian.","https://za.linkedin.com/in/keshnie-july-6997573a","8","Medium",""
"CRSA-142","William Makhashi","https://za.linkedin.com/in/william-makhashi-28147ba2","City of Johannesburg, Gauteng, South Africa","Nedbank","Credit Risk Analyst","Analyst","Credit Risk; Affordability","Bank","Client affordability and credit risk analysis","Analyst","Indexed LinkedIn result states Credit Risk Analyst at Nedbank and client affordability.","https://za.linkedin.com/in/william-makhashi-28147ba2","8","High",""
"CRSA-143","Nandi Kok","https://za.linkedin.com/in/nandikok","Cape Town, Western Cape, South Africa","Capitec","Retail Credit | Quantitative Risk Management","Manager","Retail Credit; Quantitative Risk; Credit Strategy","Digital bank","Retail credit risk granting and account management strategy","Manager","Indexed LinkedIn result states retail credit quantitative risk management and credit risk strategy owner at Capitec.","https://za.linkedin.com/in/nandikok","9","High",""
"CRSA-144","Xavier Coetzee","https://za.linkedin.com/in/xavier-coetzee-4a8046153","South Africa","Needs verification","Credit & Risk Manager","Manager","Credit Risk; Decisioning","Vehicle finance / asset finance","Asset-based finance credit decisioning","Manager","Indexed LinkedIn result states Credit & Risk Manager in asset-based finance leading end-to-end credit decisioning.","https://za.linkedin.com/in/xavier-coetzee-4a8046153","7","Medium",""
"CRSA-145","Puveshree Moodie","https://za.linkedin.com/in/puveshree-moodie-3010789b","South Africa","Needs verification","Strategy | Credit Risk | Analytics","Senior Manager","Credit Risk; Credit Strategy; Analytics","Bank / vehicle finance","Scorecard cut-offs; vehicle and asset finance credit risk","Manager","Indexed LinkedIn result states Senior Credit Risk Analyst: VAF at Absa and scorecard cut-offs.","https://za.linkedin.com/in/puveshree-moodie-3010789b","8","Medium",""
"CRSA-146","Buyile Mbanga","https://za.linkedin.com/in/buyile-mbanga-3b218235","Johannesburg Metropolitan Area, South Africa","Needs verification","Head of Enterprise Customer Credit","Head","Credit Decisioning; Credit Risk","Telecoms / enterprise credit","Enterprise customer credit decisioning","Head","Indexed LinkedIn result states Head of Enterprise Customer Credit and credit decisioning.","https://za.linkedin.com/in/buyile-mbanga-3b218235","7","Medium",""
"CRSA-147","Keagan Laising","https://za.linkedin.com/in/keagan-laising-0b98a7b9","City of Cape Town, Western Cape, South Africa","Capitec","Credit Intelligence Analyst","Analyst","Credit Risk; Affordability; Credit Intelligence","Digital bank","Affordability monitoring and credit risk management","Analyst","Indexed LinkedIn result states Credit Intelligence Analyst at Capitec specializing in affordability monitoring and credit risk management.","https://za.linkedin.com/in/keagan-laising-0b98a7b9","9","High",""
"CRSA-148","Kimeshan Chetty","https://za.linkedin.com/in/kimeshan-chetty-41056a168","City of Johannesburg, Gauteng, South Africa","Absa Group","Credit Risk Analyst - New Underwriting","Analyst","Credit Risk; Scorecards; Underwriting","Bank","Overdraft acquisition scorecard; underwriting credit risk","Analyst","Indexed LinkedIn result states Credit Risk Analyst at Absa and overdraft acquisition scorecard work.","https://za.linkedin.com/in/kimeshan-chetty-41056a168","9","High",""
"CRSA-149","Andile Skungwini","https://za.linkedin.com/in/andileskungwini","City of Johannesburg, Gauteng, South Africa","Vodacom","Credit Risk & Decision Science Specialist","Senior Analyst","Credit Risk; Decision Science","Telecoms / fintech lending","Credit risk decision science","Analyst","Indexed LinkedIn result states Credit Risk & Decision Science Specialist at Vodacom.","https://za.linkedin.com/in/andileskungwini","8","High",""
"CRSA-150","Mdluli (Mputle)","https://za.linkedin.com/in/mdluli-mputle-446a6521","Emalahleni, South Africa","Nedbank","Credit Risk Officer","Analyst","Credit Risk","Bank","Credit risk officer","Analyst","Indexed LinkedIn result states Credit Risk Officer at Nedbank.","https://za.linkedin.com/in/mdluli-mputle-446a6521","7","High",""
"CRSA-151","Mike Roux","https://za.linkedin.com/in/mike-roux-a590868","City of Cape Town, Western Cape, South Africa","HomeChoice","Credit Risk Director","Executive","Credit Risk","Retail credit","Retail credit risk leadership","Executive","Indexed LinkedIn result states Credit Risk Director at HomeChoice.","https://za.linkedin.com/in/mike-roux-a590868","8","High",""
"CRSA-152","Rudolf Boshoff","https://za.linkedin.com/in/rudolf-boshoff-104743114","South Africa","The Shoprite Group of Companies","Head of Credit Risk and Governance","Head","Credit Risk; Governance","Retail credit","Credit risk governance","Head","Indexed LinkedIn result states Head of Credit Risk and Governance at Shoprite.","https://za.linkedin.com/in/rudolf-boshoff-104743114","9","High",""
"CRSA-153","Darin Kent","https://za.linkedin.com/in/darin-kent-888359132","City of Cape Town, Western Cape, South Africa","HomeChoice","Credit Risk Manager","Manager","Credit Risk","Retail credit","Retail credit risk management","Manager","Indexed LinkedIn result states Credit Risk Manager at HomeChoice.","https://za.linkedin.com/in/darin-kent-888359132","8","High",""
"CRSA-154","Gary Barnard","https://za.linkedin.com/in/gary-barnard-536a354","City of Cape Town, Western Cape, South Africa","Truworths","Director: Credit Risk, IT and Analytics","Executive","Credit Risk; Analytics; Risk Systems","Retail credit","Credit risk, IT and analytics leadership","Executive","Indexed LinkedIn result states Director: Credit Risk, IT and Analytics at Truworths.","https://za.linkedin.com/in/gary-barnard-536a354","9","High",""
"CRSA-155","Frederick Gaum","https://za.linkedin.com/in/frederick-gaum-2b23082ba","City of Cape Town, Western Cape, South Africa","Lewis Group Ltd","Credit Risk Analyst","Analyst","Credit Risk; Data Science","Retail credit","Retail credit risk and data science","Analyst","Indexed LinkedIn result states Credit Risk Analyst at Lewis Group.","https://za.linkedin.com/in/frederick-gaum-2b23082ba","8","High",""
"CRSA-156","Chantelle de Klerk","https://za.linkedin.com/in/chantelle-de-klerk","South Africa","Shoprite Checkers - OK Franchise Division","Assistant Credit Manager","Manager","Credit Risk; Credit Management","Retail credit","Credit risk management","Manager","Indexed LinkedIn result states Assistant Credit Manager with credit risk management at Shoprite Checkers.","https://za.linkedin.com/in/chantelle-de-klerk","7","High",""
"CRSA-157","Joffre Toerien","https://za.linkedin.com/in/joffre-toerien","Cape Town, Western Cape, South Africa","HomeChoice","Credit Risk | Decision Science","Senior Analyst","Credit Risk; Decision Science","Retail credit","Credit risk decision science","Analyst","Indexed LinkedIn result states Credit Risk | Decision Science at HomeChoice.","https://za.linkedin.com/in/joffre-toerien","8","High",""
"CRSA-158","Philip Hornsby","https://za.linkedin.com/in/philip-hornsby-9626777b","Cape Town Area, South Africa","Truworths","Credit Risk Analyst","Analyst","Credit Risk","Retail credit","Retail credit risk","Analyst","Indexed LinkedIn result states Credit Risk Analyst at Truworths and Junior Credit Risk Analyst history.","https://za.linkedin.com/in/philip-hornsby-9626777b","8","High",""
"CRSA-159","Eugene Jansen van Nieuwenhuizen","https://za.linkedin.com/in/eugenejansenvannieuwenhuizen","Cape Town Area, South Africa","Lewis Group Ltd","Head of Data Science","Head","Credit Risk; Data Science; Portfolio Risk","Retail credit","Credit risk for unsecured products; portfolio optimisation","Head","Indexed LinkedIn result states Head of Data Science at Lewis Group and credit risk for unsecured products.","https://za.linkedin.com/in/eugenejansenvannieuwenhuizen","8","High",""
"CRSA-160","Clemence Kwinje","https://za.linkedin.com/in/clemence-kwinje-1b157285","City of Cape Town, Western Cape, South Africa","HomeChoice","Senior Credit Risk Analyst","Senior Analyst","Credit Risk","Retail credit","Retail credit risk","Analyst","Indexed LinkedIn result states Senior Credit Risk Analyst at HomeChoice.","https://za.linkedin.com/in/clemence-kwinje-1b157285","9","High",""
"CRSA-161","Elsje Jacobs","https://za.linkedin.com/in/elsje-jacobs-302a3a201","Western Cape, South Africa","Truworths","Lead Credit Risk Analyst","Lead / Team Lead","Credit Risk","Retail credit","Retail credit risk leadership","Lead","Indexed LinkedIn result states Lead Credit Risk Analyst at Truworths.","https://za.linkedin.com/in/elsje-jacobs-302a3a201","9","High",""
"CRSA-162","Patrick Fitzgerald","https://za.linkedin.com/in/patrick-fitzgerald-02b78147","South Africa","Needs verification","Head: Customer Acquisition and Analytics / former Credit Risk Manager","Head","Credit Risk; Analytics; Acquisition","Retail credit","Credit risk manager history and analytical/modeling team leadership","Head","Indexed LinkedIn result states Lewis Group credit risk manager and analytical/modeling team leadership.","https://za.linkedin.com/in/patrick-fitzgerald-02b78147","7","Medium",""
"CRSA-163","Stephen Seeney","https://www.linkedin.com/in/stephen-seeney-0a324447","South Africa","HomeChoice","Quantitative Finance | Credit Risk","Senior Manager","Credit Risk; Data Science; Portfolio Risk","Retail credit","Data science across credit risk and portfolio management","Manager","Indexed LinkedIn result states led data science initiatives across credit risk and portfolio management at HomeChoice.","https://www.linkedin.com/in/stephen-seeney-0a324447","8","High",""
"CRSA-164","Marlize Buys","https://za.linkedin.com/in/marlizebuys","South Africa","Needs verification","Shaping the Future of Credit Risk & Data","Executive","Credit Risk; Decision Science","Retail credit / consulting","Executive credit risk and decision science at HomeChoice history","Executive","Indexed LinkedIn result states former Executive: Credit Risk and Decision Science at HomeChoice.","https://za.linkedin.com/in/marlizebuys","8","Medium",""
"CRSA-165","Monica Nel","https://za.linkedin.com/in/monica-nel-7378bb17a","City of Cape Town, Western Cape, South Africa","Truworths","Credit Risk Analyst","Analyst","Credit Risk","Retail credit","Retail credit risk","Analyst","Indexed LinkedIn result states Credit Risk Analyst at Truworths.","https://za.linkedin.com/in/monica-nel-7378bb17a","8","High",""
"CRSA-166","Lulutho Mfazwe","https://za.linkedin.com/in/lulutho-mfazwe-758027201","City of Cape Town, Western Cape, South Africa","Lewis Group Ltd","Digital Marketing and Sales Analyst - Credit Risk","Analyst","Credit Risk; Data Analytics","Retail credit","Credit risk sales/marketing analytics","Analyst","Indexed LinkedIn result states Digital Marketing and Sales Analyst - Credit Risk at Lewis Group.","https://za.linkedin.com/in/lulutho-mfazwe-758027201","7","High",""
"CRSA-167","John Slamet","https://za.linkedin.com/in/john-slamet-28758642","City of Cape Town, Western Cape, South Africa","Truworths","Divisional Manager: Risk and Analytics","Senior Manager","Credit Risk; Risk Analytics","Retail credit","Credit risk and analytics management","Manager","Indexed LinkedIn result states Divisional Manager Risk and Analytics at Truworths and Senior Manager Credit Risk and Analytics.","https://za.linkedin.com/in/john-slamet-28758642","9","High",""
"CRSA-168","Daniel Berrange","https://za.linkedin.com/in/daniel-berrange-b8591017","City of Cape Town, Western Cape, South Africa","Truworths","Credit Risk Analyst","Analyst","Credit Risk","Retail credit","Retail credit risk","Analyst","Indexed LinkedIn result states Credit Risk Analyst at Truworths.","https://za.linkedin.com/in/daniel-berrange-b8591017","8","High",""
"CRSA-169","Inga Enslin","https://za.linkedin.com/in/inga-enslin-53953a47","South Africa","HomeChoice","Credit Risk and Fraud Function Lead","Manager","Credit Risk; Fraud Risk","Retail credit","Credit risk and fraud function; team of credit analysts","Manager","Indexed LinkedIn result states responsible for credit risk and fraud function and team of credit analysts at HomeChoice.","https://za.linkedin.com/in/inga-enslin-53953a47","8","High",""
"CRSA-170","Garth Rossiter","https://za.linkedin.com/in/garth-rossiter-38454914","South Africa","Lula","Chief Credit & Capital Officer","Executive","Credit Risk; SME Credit; Capital","Fintech lending","Credit risk and debt capital for South African SME sector","Executive","Indexed LinkedIn result states Chief Credit & Capital Officer at Lula leading credit risk and debt capital.","https://za.linkedin.com/in/garth-rossiter-38454914","8","High",""
"CRSA-171","Michael Perry","https://za.linkedin.com/in/michael-perry-371717a8","South Africa","JUMO","Credit Product Owner","Manager","Credit Risk; Product; Lending Risk","Fintech lending","Credit product ownership and credit risk management","Manager","Indexed LinkedIn result states Credit Product Owner with credit risk management at JUMO.","https://za.linkedin.com/in/michael-perry-371717a8","8","High",""
"CRSA-172","James Olivier","https://za.linkedin.com/in/james-olivier-za","City of Cape Town, Western Cape, South Africa","Prodigy Finance","Credit Risk Originations Manager","Manager","Credit Risk; Originations; Data Analytics","Fintech lending","Credit originations and data-driven risk","Manager","Indexed LinkedIn result states Credit Risk Originations Manager at Prodigy Finance.","https://za.linkedin.com/in/james-olivier-za","9","High",""
"CRSA-173","Sid Deschamps","https://za.linkedin.com/in/sid-deschamps-850a7a190","South Africa","Lula","Credit Team Lead","Lead / Team Lead","Credit Risk; SME Credit","Fintech lending","Credit team leadership and credit risk training","Lead","Indexed LinkedIn result states Credit Team Lead at Lula and Credit Risk Trainer.","https://za.linkedin.com/in/sid-deschamps-850a7a190","8","High",""
"CRSA-174","Lerato Ntsobe","https://za.linkedin.com/in/lerato-ntsobe-79a461172","City of Cape Town, Western Cape, South Africa","Yoco","Risk Management Specialist","Senior Analyst","Lending Risk; Risk Management","Fintech lending","Risk management in fintech credit context","Analyst","Indexed LinkedIn result states Risk Management Specialist at Yoco.","https://za.linkedin.com/in/lerato-ntsobe-79a461172","6","High",""
"CRSA-175","Lohan Van Heerden","https://za.linkedin.com/in/lohan-van-heerden-290579b1","South Africa","Prodigy Finance","Credit Risk Analyst","Analyst","Credit Risk; Data Analytics","Fintech lending","Credit risk and data analytics","Analyst","Indexed LinkedIn result states Credit Risk Analyst at Prodigy Finance.","https://za.linkedin.com/in/lohan-van-heerden-290579b1","9","High",""
"CRSA-176","Michael Light","https://za.linkedin.com/in/michael-light-3a4369bb","City of Cape Town, Western Cape, South Africa","Prodigy Finance","Head of Credit / Head of Credit Risk","Head","Credit Risk","Fintech lending","Credit risk leadership","Head","Indexed LinkedIn result states Head of Credit and prior Head of Credit Risk at Prodigy Finance.","https://za.linkedin.com/in/michael-light-3a4369bb","9","High",""
"CRSA-177","Jemma Buser","https://za.linkedin.com/in/jemma-buser-300731134","Cape Town, Western Cape, South Africa","Lula","Senior Credit Risk Analyst","Senior Analyst","Credit Risk","Fintech lending","SME fintech lending credit risk","Analyst","Indexed LinkedIn result states Senior Credit Risk Analyst at Lula.","https://za.linkedin.com/in/jemma-buser-300731134","9","High",""
"CRSA-178","Riek Kirsten","https://za.linkedin.com/in/riek-kirsten-6b1a7724","South Africa","JUMO.WORLD","Optimisation Manager in Credit Risk and Analytics","Manager","Credit Risk; Credit Analytics; Portfolio Risk","Fintech lending","Credit portfolio optimisation and analytics","Manager","Indexed LinkedIn result states Optimisation Manager in Credit Risk and Analytics at JUMO.","https://za.linkedin.com/in/riek-kirsten-6b1a7724","8","High",""
"CRSA-179","Perry De Jager","https://za.linkedin.com/in/perry-de-jager-5757064b","City of Cape Town, Western Cape, South Africa","Lula","Head of Collections","Head","Collections Strategy; Collections Operations","Fintech lending","Collections leadership for lending portfolio","Head","Indexed LinkedIn result states Head of Collections at Lula.","https://za.linkedin.com/in/perry-de-jager-5757064b","7","High",""
"CRSA-180","Eduan Botha","https://za.linkedin.com/in/eduan-botha","South Africa","Capitec / Prodigy Finance","Credit Intelligence Analyst / former Credit Risk Analyst","Analyst","Credit Risk; Credit Intelligence; Portfolio Analytics","Digital bank / fintech lending","Credit intelligence and credit risk analysis","Analyst","Indexed LinkedIn result states Credit Intelligence Analyst at Capitec and former Credit Risk Analyst at Prodigy Finance.","https://za.linkedin.com/in/eduan-botha","8","High",""
"CRSA-181","Ishe Sibanda","https://za.linkedin.com/in/ishe-sibanda-99622070","South Africa","Lula","Credit Analyst | Fintech | Banking","Analyst","Credit Risk; SME Credit; Credit Analysis","Fintech lending","Business funding credit risk assessment","Analyst","Indexed LinkedIn result states Credit Analyst at Lula with credit risk assessment.","https://za.linkedin.com/in/ishe-sibanda-99622070","8","High",""
"CRSA-182","Anele Mgungwana","https://za.linkedin.com/in/anele-mgungwana-83746a19b","South Africa","Lula","Credit Analyst | Credit Risk | Business Funding & Banking","Analyst","Credit Risk; SME Credit","Fintech lending","Business funding credit risk","Analyst","Indexed LinkedIn result states Credit Analyst / Credit Risk / Business Funding at Lula.","https://za.linkedin.com/in/anele-mgungwana-83746a19b","8","High",""
"CRSA-183","Justin Owen","https://za.linkedin.com/in/justin-owen-24b750110","City of Cape Town, Western Cape, South Africa","Prodigy Finance","Debt Recovery / Risk Management","Analyst","Credit Risk; Collections; Debt Recovery","Fintech lending","Debt recovery and credit risk assessments","Analyst","Indexed LinkedIn result states debt recovery and risk management with credit risk assessments at Prodigy Finance.","https://za.linkedin.com/in/justin-owen-24b750110","6","High",""
"CRSA-184","Ayanda Ndlovu","https://za.linkedin.com/in/ayandandlovu1205","City of Cape Town, Western Cape, South Africa","Principa","Credit Risk Analyst","Analyst","Credit Risk; Credit Analytics","Analytics vendor / consulting","Credit risk analytics consulting","Analyst","Indexed LinkedIn result states Credit Risk Analyst at Principa.","https://za.linkedin.com/in/ayandandlovu1205","9","High",""
"CRSA-185","Rahul Mathew","https://za.linkedin.com/in/rahul-mathew-70869917b","City of Johannesburg, Gauteng, South Africa","Monocle Solutions","Consultant | Credit Risk","Consultant","Credit Risk; Consulting","Consulting","Credit risk consulting","Consultant","Indexed LinkedIn result states Credit Risk Consultant at Monocle Solutions.","https://za.linkedin.com/in/rahul-mathew-70869917b","8","High",""
"CRSA-186","Kobus Louw","https://za.linkedin.com/in/kobus-louw-6a54b983","City of Cape Town, Western Cape, South Africa","Principa Decisions","Credit Risk Consultant","Consultant","Credit Risk; Consulting","Analytics vendor / consulting","Credit risk consulting","Consultant","Indexed LinkedIn result states Credit Risk Consultant at Principa Decisions.","https://za.linkedin.com/in/kobus-louw-6a54b983","8","High",""
"CRSA-187","Anton Heyneke","https://za.linkedin.com/in/anton-heyneke-09a118177","South Africa","KPMG South Africa","Assistant Manager | Credit & Capital Risk","Consultant","Credit Risk; Basel / Regulatory Credit Risk","Consulting","Financial risk management - credit and capital risk","Consultant","Indexed LinkedIn result states Senior Consultant / Assistant Manager in credit and capital risk at KPMG South Africa.","https://za.linkedin.com/in/anton-heyneke-09a118177","8","High",""
"CRSA-188","Nozipho Mzobe","https://za.linkedin.com/in/nozipho-mzobe-58b238107","City of Johannesburg, Gauteng, South Africa","EY","EY Quant | Financial Risk Management | Credit Risk","Consultant","Credit Risk; Quantitative Risk; Consulting","Consulting","Financial risk management and credit risk","Consultant","Indexed LinkedIn result states EY Quant / Financial Risk Management / Credit Risk at EY.","https://za.linkedin.com/in/nozipho-mzobe-58b238107","8","High",""
"CRSA-189","Steven Byers","https://za.linkedin.com/in/steven-byers","City of Johannesburg, Gauteng, South Africa","Independent / Advisor","Credit Risk Consultant & Advisor","Consultant","Credit Risk; Consulting","Consulting","Credit risk advisory","Consultant","Indexed LinkedIn result states Credit Risk Consultant & Advisor.","https://za.linkedin.com/in/steven-byers","7","High",""
"CRSA-190","Sean Pugh","https://za.linkedin.com/in/sean-pugh-668a6558","Johannesburg Area, South Africa","FNB Namibia / FNB South Africa history","Credit Risk Consultant","Consultant","Credit Risk; Consulting","Bank / consulting","Credit risk consulting","Consultant","Indexed LinkedIn result states Credit Risk Consultant and FNB South Africa experience.","https://za.linkedin.com/in/sean-pugh-668a6558","6","Medium",""
"CRSA-191","Lebone Moloi","https://za.linkedin.com/in/lebone-moloi-82856b1ba","City of Johannesburg, Gauteng, South Africa","Discovery Limited","Credit Risk Analyst / Credit Risk Consultant","Consultant","Credit Risk; Consulting","Digital bank / insurance","Credit risk analysis and consulting","Consultant","Indexed LinkedIn result states Credit Risk Analyst / Consultant at Discovery Limited.","https://za.linkedin.com/in/lebone-moloi-82856b1ba","8","High",""
"CRSA-192","Shirley Smit","https://za.linkedin.com/in/shirley-smit-2817ba44","South Africa","KPMG South Africa","Senior Manager - Financial Risk Management","Senior Manager","Credit Risk; Financial Risk","Consulting","Risk management consulting with credit risk relevance","Manager","Indexed LinkedIn result states Senior Manager - Financial Risk Management at KPMG South Africa with risk management specialization.","https://za.linkedin.com/in/shirley-smit-2817ba44","7","Medium",""
"CRSA-193","Bryce Gething","https://za.linkedin.com/in/bryce-gething-35b90713","Cape Town, Western Cape, South Africa","EY","Associate Director - Risk, Quantitative Advisory Services","Senior Manager","Quantitative Risk; Credit Risk; Consulting","Consulting","Risk quantitative advisory services","Manager","Indexed LinkedIn result states Associate Director - Risk, Quantitative Advisory Services at EY.","https://za.linkedin.com/in/bryce-gething-35b90713","7","High",""
"CRSA-194","Eunice Macamo","https://za.linkedin.com/in/eunice-macamo-576172254","South Africa","Discovery Limited","Credit Risk Consultant","Consultant","Credit Risk; Consulting","Digital bank / insurance","Credit risk consulting","Consultant","Indexed LinkedIn result states Credit Risk Consultant at Discovery Limited.","https://za.linkedin.com/in/eunice-macamo-576172254","8","High",""
"CRSA-195","Samkelisiwe Dladla","https://za.linkedin.com/in/samkelisiwe-dladla-120a09140","City of Johannesburg, Gauteng, South Africa","Capitec / KPMG South Africa","Credit Intelligence Analysis / former Senior Consultant","Senior Analyst","Credit Risk; Credit Intelligence; Consulting","Digital bank / consulting","Credit intelligence analysis; KPMG senior consultant history","Consultant","Indexed LinkedIn result states Credit Intelligence Analysis at Capitec and KPMG South Africa senior consultant history.","https://za.linkedin.com/in/samkelisiwe-dladla-120a09140","7","High",""
"CRSA-196","Jonathan Reyneke","https://za.linkedin.com/in/jonathan-reyneke-b82605141","South Africa","KPMG South Africa","Assistant Manager / Senior Consultant - Credit and Capital Risk","Consultant","Credit Risk; Capital Risk; Consulting","Consulting","Financial Risk Management - credit and capital risk","Consultant","Indexed LinkedIn result states KPMG senior consultant in Financial Risk Management - Credit and Capital Risk.","https://za.linkedin.com/in/jonathan-reyneke-b82605141","8","High",""
"CRSA-197","Kerri Thorpe","https://za.linkedin.com/in/kerri-thorpe-6914b3103","City of Cape Town, Western Cape, South Africa","KPMG South Africa","Credit Risk Senior Manager","Senior Manager","Credit Risk; Consulting","Consulting","Credit risk consulting","Manager","Indexed LinkedIn result states Credit Risk Senior Manager at KPMG South Africa.","https://za.linkedin.com/in/kerri-thorpe-6914b3103","9","High",""
"CRSA-198","Willie Jansen","https://za.linkedin.com/in/willie-jansen-cpt","South Africa","Monocle Solutions","Director","Head","Credit Risk; Credit Risk Data","Consulting","Credit Risk BI and data processing consulting to financial institutions","Head","Indexed LinkedIn result states Monocle Solutions director with credit risk BI/data processing experience.","https://za.linkedin.com/in/willie-jansen-cpt","7","High",""
"CRSA-199","Brett Roelofsz","https://za.linkedin.com/in/brett-roelofsz-a5757652","City of Johannesburg, Gauteng, South Africa","Monocle Solutions","Partner","Executive","Credit Risk; Consulting","Consulting","Credit analysis process and credit risk management","Head","Indexed LinkedIn result states Partner at Monocle Solutions with credit analysis and credit risk management relevance.","https://za.linkedin.com/in/brett-roelofsz-a5757652","7","High",""
"CRSA-200","Matthew Stevens","https://za.linkedin.com/in/matthew-stevens-jhb","City of Johannesburg, Gauteng, South Africa","Monocle Solutions / GSFP","Manager","Manager","Credit Risk; Consulting","Consulting","Banking risk and regulatory consulting","Manager","Indexed LinkedIn result states Manager at Monocle Solutions in Johannesburg.","https://za.linkedin.com/in/matthew-stevens-jhb","6","Medium",""
"CRSA-201","Sihle Poswayo","https://za.linkedin.com/in/sihle-poswayo-msc-2b3b9539","South Africa","Needs verification","Credit Risk Manager | Strategy","Manager","Credit Risk; Credit Strategy; Analytics","Bank / financial services","Credit risk strategy and analytics; Standard Bank and Nedbank history","Manager","Indexed LinkedIn result states Credit Risk Manager/Strategy with Standard Bank and Nedbank experience.","https://za.linkedin.com/in/sihle-poswayo-msc-2b3b9539","8","Medium",""
"CRSA-202","Sune van den Berg-Walters","https://za.linkedin.com/in/sune-van-den-berg-walters","South Africa","Monocle Solutions","Associate Director","Senior Manager","Credit Risk; Capital Reporting; Regulatory Reform","Consulting","Credit risk, capital reporting and regulatory reform","Manager","Indexed LinkedIn result states Associate Director at Monocle Solutions focused on Credit Risk and Capital Reporting.","https://za.linkedin.com/in/sune-van-den-berg-walters","8","High",""
"CRSA-203","Karuna Reddy","https://za.linkedin.com/in/karuna-reddy","South Africa","Monocle Solutions","Credit Risk SME","Senior Consultant","Credit Risk; Consulting","Consulting","Management consulting in South African financial services credit risk","Consultant","Indexed LinkedIn result states Credit Risk SME at Monocle Solutions.","https://za.linkedin.com/in/karuna-reddy","8","High",""
"CRSA-204","Guy Wilding, FRM","https://za.linkedin.com/in/guy-wilding-frm-9398a287","South Africa","Monocle Solutions","Principal","Senior Manager","Credit Risk; IFRS 9 / Impairments","Consulting","IFRS 9 impairments automation and credit risk reporting","Manager","Indexed LinkedIn result states Principal at Monocle Solutions with IFRS 9 impairments project and credit risk reporting.","https://za.linkedin.com/in/guy-wilding-frm-9398a287","8","High",""
"CRSA-205","Osiame Vincent Montshosi","https://za.linkedin.com/in/osiame-vincent-montshosi-6b0128b7","South Africa","Nedbank","Credit Risk Manager","Manager","Credit Risk; Monitoring; Data Science","Bank","Credit risk monitoring; former data scientist and Deloitte/SAS experience","Manager","Indexed LinkedIn result states Credit Risk Manager at Nedbank with Deloitte and SAS background.","https://za.linkedin.com/in/osiame-vincent-montshosi-6b0128b7","9","High",""
"CRSA-206","Rory Kew","https://za.linkedin.com/in/rory-kew-2344b129","City of Cape Town, Western Cape, South Africa","Independent","Independent Risk Consultant and Project Manager","Consultant","Credit Risk; Consulting","Consulting","Credit risk specialist with executive experience across Sub-Saharan Africa","Consultant","Indexed LinkedIn result states independent risk consultant and credit risk specialist.","https://za.linkedin.com/in/rory-kew-2344b129","7","High",""
"CRSA-207","Lyndon Crouch","https://za.linkedin.com/in/lyndon-crouch-b447851ab","South Africa","Monocle Solutions","Manager","Manager","Credit Risk; Consulting","Consulting","Credit risk environment; analyst-to-manager consulting track","Manager","Indexed LinkedIn result states Manager at Monocle Solutions with credit risk environment experience.","https://za.linkedin.com/in/lyndon-crouch-b447851ab","7","High",""
"CRSA-208","Zuzumusa Ndlela","https://za.linkedin.com/in/zuzumusa-ndlela-a1b789158","South Africa","Absa Group","Quantitative Analyst | Credit Risk","Analyst","Quantitative Credit Risk; SAS","Bank","FSA credit risk and quantitative analysis","Analyst","Indexed LinkedIn result states Quantitative Analyst | Credit Risk at Absa Group.","https://za.linkedin.com/in/zuzumusa-ndlela-a1b789158","8","High",""
"CRSA-209","Junyan (Jeff) Yu, CFA, FRM","https://za.linkedin.com/in/junyan-jeff-yu-cfa-frm-906a25137","South Africa","Monocle Solutions","Manager","Manager","Credit Risk; Capital / Data","Consulting","Credit risk capital/data analyst at leading South African bank","Manager","Indexed LinkedIn result states Manager at Monocle Solutions and credit risk capital/data analyst work.","https://za.linkedin.com/in/junyan-jeff-yu-cfa-frm-906a25137","7","High",""
"CRSA-210","Caelin Naicker","https://za.linkedin.com/in/caelin-naicker-a2a93112a","South Africa","Needs verification","Credit Risk Management / Portfolio Manager","Manager","Credit Risk; Portfolio Risk","Bank","Originations and account management; senior credit risk analyst history","Manager","Indexed LinkedIn result states Credit Risk Management and Senior Credit Risk Analyst history.","https://za.linkedin.com/in/caelin-naicker-a2a93112a","8","Medium",""
"CRSA-211","Neo Mokoena","https://za.linkedin.com/in/neoivymokoena","South Africa","Needs verification","Quantitative Analyst | Credit Risk Analysis","Analyst","Quantitative Credit Risk; SAS; R; Python","Bank / financial services","Credit risk analysis with R, SAS and Python","Analyst","Indexed LinkedIn result states Quantitative Analyst | Credit risk analysis with R, SAS and Python.","https://za.linkedin.com/in/neoivymokoena","8","Medium",""
"CRSA-212","Madelein Hoon","https://za.linkedin.com/in/madelein-hoon-0596084b","South Africa","Needs verification","Senior Quantitative Analyst","Senior Analyst","Quantitative Credit Risk; Scorecards","Bank / financial services","Credit scorecard and risk analytics","Analyst","Indexed LinkedIn result states Senior Quantitative Analyst with Credit Scorecard experience.","https://za.linkedin.com/in/madelein-hoon-0596084b","7","Medium",""
"CRSA-213","Adriaan Louis van der Walt","https://za.linkedin.com/in/adriaan-louis-van-der-walt-bb691371","South Africa","Nedbank","Senior Quantitative Analyst","Senior Analyst","Quantitative Credit Risk","Bank","Senior credit risk analysis and quantitative analytics","Analyst","Indexed LinkedIn result states Senior Quantitative Analyst at Nedbank and Senior Credit Risk Analyst experience.","https://za.linkedin.com/in/adriaan-louis-van-der-walt-bb691371","8","High",""
"CRSA-214","Siphiwo Nqangase","https://za.linkedin.com/in/siphiwo-nqangase-31558736","City of Johannesburg, Gauteng, South Africa","Nedbank","Manager Quantitative Analyst","Manager","Quantitative Credit Risk","Bank","Credit risk quantitative analysis","Manager","Indexed LinkedIn result states Manager Quantitative Analyst at Nedbank and credit risk experience.","https://za.linkedin.com/in/siphiwo-nqangase-31558736","8","High",""
"CRSA-215","Leandri Erasmus","https://za.linkedin.com/in/erasmus-leandri","South Africa","Needs verification","Data Scientist | Credit Risk & ML Decisioning","Senior Analyst","Credit Risk; Data Science; Decisioning","Bank / fintech","Credit risk and ML decisioning","Analyst","Indexed LinkedIn result states Data Scientist with Credit Risk & ML Decisioning.","https://za.linkedin.com/in/erasmus-leandri","7","Medium",""
"CRSA-216","Mpho Itshegetseng","https://za.linkedin.com/in/mpho-itshegetseng","Gauteng, South Africa","Standard Bank Group","Credit Risk Portfolio Manager","Manager","Credit Risk; Portfolio Risk","Bank","Unsecured portfolio credit risk management","Manager","Indexed LinkedIn result states Credit Risk Portfolio Manager at Standard Bank Group and unsecured portfolio risk.","https://za.linkedin.com/in/mpho-itshegetseng","9","High",""
"CRSA-217","Lindelwa Mfayela","https://za.linkedin.com/in/lindelwa-mfayela-53b329116","Durban, South Africa","FNB South Africa","Credit Portfolio Manager","Manager","Credit Risk; Portfolio Risk","Bank","Credit portfolio management","Manager","Indexed LinkedIn result states Credit Portfolio Manager at First National Bank.","https://za.linkedin.com/in/lindelwa-mfayela-53b329116","8","High",""
"CRSA-218","Jeanelle Pauw (Bezuidenhout)","https://za.linkedin.com/in/jeanelle-pauw-bezuidenhout-8a40ab64","South Africa","Needs verification","Portfolio Risk Manager","Manager","Portfolio Risk; Credit Risk","Bank / financial services","Portfolio risk and credit risk management","Manager","Indexed LinkedIn result states Portfolio Risk Manager and Credit Risk Manager experience.","https://za.linkedin.com/in/jeanelle-pauw-bezuidenhout-8a40ab64","7","Medium",""
"CRSA-219","Ayanda Ngidi","https://za.linkedin.com/in/ayanda-ngidi-35877a7a","South Africa","FNB South Africa","Lending & Credit Risk Specialist","Senior Analyst","Credit Risk; Lending Risk","Bank","Lending and credit risk specialist","Analyst","Indexed LinkedIn result states Lending & Credit Risk Specialist at FNB.","https://za.linkedin.com/in/ayanda-ngidi-35877a7a","8","High",""
"CRSA-220","Martin Barnard","https://za.linkedin.com/in/martin-barnard-4a425164","Bloemfontein, South Africa","FNB Commercial South Africa","Credit Portfolio Manager","Manager","Credit Risk; Portfolio Risk; SME Credit","Bank","Commercial credit portfolio management","Manager","Indexed LinkedIn result states Credit Portfolio Manager at FNB Commercial South Africa.","https://za.linkedin.com/in/martin-barnard-4a425164","8","High",""
"CRSA-221","Mpho Mafotsa","https://za.linkedin.com/in/mpho-mafotsa-188b3737","South Africa","FNB South Africa","Credit Risk Portfolio Manager","Manager","Credit Risk; Portfolio Risk","Bank","Retail banking credit risk portfolio management","Manager","Indexed LinkedIn result states Credit Risk Portfolio Manager at FNB South Africa.","https://za.linkedin.com/in/mpho-mafotsa-188b3737","8","High",""
"CRSA-222","Tracy-Lee V.","https://za.linkedin.com/in/tracy-lee-v-39588ba4","City of Johannesburg, Gauteng, South Africa","Standard Bank South Africa","Credit Risk Specialist","Senior Analyst","Credit Risk","Bank","Banking credit risk specialist","Analyst","Indexed LinkedIn result states Credit Risk Specialist at Standard Bank South Africa.","https://za.linkedin.com/in/tracy-lee-v-39588ba4","8","High",""
"CRSA-223","Roger Martins","https://za.linkedin.com/in/roger-martins-a64159128","South Africa","Standard Bank","Portfolio Risk Manager","Manager","Portfolio Risk; Credit Risk","Bank","Portfolio risk manager and credit risk analyst history","Manager","Indexed LinkedIn result states Portfolio Risk Manager at Standard Bank and Credit Risk Analyst history.","https://za.linkedin.com/in/roger-martins-a64159128","8","High",""
"CRSA-224","Tracey Ridgway","https://za.linkedin.com/in/tracey-ridgway-6646a86b","City of Johannesburg, Gauteng, South Africa","BMW Financial Services South Africa","Credit Risk Specialist","Senior Analyst","Credit Risk; Vehicle Finance Risk","Vehicle finance","Vehicle finance credit risk specialist","Analyst","Indexed LinkedIn result states Credit Risk Specialist at BMW Financial Services South Africa.","https://za.linkedin.com/in/tracey-ridgway-6646a86b","8","High",""
"CRSA-225","Lezanne Coetzee","https://za.linkedin.com/in/lezanne-coetzee-08109017","City of Johannesburg, Gauteng, South Africa","Standard Bank","Head: Credit Risk Portfolio Management","Head","Credit Risk; Portfolio Risk; Business Lending","Bank","Business lending credit and credit risk portfolio management","Head","Indexed LinkedIn result states Head: Credit Risk Portfolio Management and Head: Business Lending Credit.","https://za.linkedin.com/in/lezanne-coetzee-08109017","9","High",""
"CRSA-226","Nadine Solomons","https://za.linkedin.com/in/nadine-solomons-67a3b4180","City of Cape Town, Western Cape, South Africa","Capital Harvest","Credit Risk Portfolio Manager","Manager","Credit Risk; Portfolio Risk","Agricultural finance / lending","Credit risk portfolio management","Manager","Indexed LinkedIn result states Credit Risk Portfolio Manager at Capital Harvest.","https://za.linkedin.com/in/nadine-solomons-67a3b4180","8","High",""
"CRSA-227","Svetlana Colic","https://za.linkedin.com/in/svetlana-colic-a36a8232","City of Johannesburg, Gauteng, South Africa","Barclays Africa Group Limited","Credit Risk Specialist","Senior Analyst","Credit Risk","Bank","Banking credit risk specialist","Analyst","Indexed LinkedIn result states Credit Risk Specialist at Barclays Africa Group Limited.","https://za.linkedin.com/in/svetlana-colic-a36a8232","7","High",""
"CRSA-228","Rudolph Nieuwoudt","https://za.linkedin.com/in/rudolph-nieuwoudt-16058896","South Africa","Needs verification","Credit Portfolio Head","Head","Credit Risk; Portfolio Risk","Bank / commercial lending","Commercial credit portfolio management","Head","Indexed LinkedIn result states Credit Portfolio Head and former Commercial Credit Portfolio Manager at FirstRand.","https://za.linkedin.com/in/rudolph-nieuwoudt-16058896","7","Medium",""
"CRSA-229","Simentha Padayachee","https://za.linkedin.com/in/simentha-padayachee-52a7ab8a","City of Johannesburg, Gauteng, South Africa","VVM Inc","Portfolio Risk Manager","Manager","Portfolio Risk; Collections","Collections / debt recovery","Portfolio risk in debt recovery environment","Manager","Indexed LinkedIn result states Portfolio Risk Manager at VVM Inc.","https://za.linkedin.com/in/simentha-padayachee-52a7ab8a","7","High",""
"CRSA-230","Ntombi Ngwekazi Mzamo","https://za.linkedin.com/in/ntombi-ngwekazi-mzamo-bb013b11b","South Africa","Standard Bank Group","Credit Risk Portfolio Manager","Manager","Credit Risk; Portfolio Risk","Bank","Credit risk portfolio management","Manager","Indexed LinkedIn result states Credit Risk Portfolio Manager at Standard Bank Group.","https://za.linkedin.com/in/ntombi-ngwekazi-mzamo-bb013b11b","8","High",""
"CRSA-231","Nabo Diko","https://za.linkedin.com/in/nabo-diko-48479b1bb","City of Johannesburg, Gauteng, South Africa","FNB South Africa","Credit Portfolio Manager","Manager","Credit Risk; Portfolio Risk","Bank","Credit portfolio management","Manager","Indexed LinkedIn result states Credit Portfolio Manager at FNB.","https://za.linkedin.com/in/nabo-diko-48479b1bb","8","High",""
"CRSA-232","Guy Austin","https://za.linkedin.com/in/guy-austin-6b228357","City of Cape Town, Western Cape, South Africa","Prodigy Finance","Chief Risk Officer","Executive","Credit Risk; Portfolio Risk","Fintech lending","Credit risk portfolio management and CRO leadership","Executive","Indexed LinkedIn result states Chief Risk Officer at Prodigy Finance and Credit Risk Portfolio Manager experience.","https://za.linkedin.com/in/guy-austin-6b228357","8","High",""
"CRSA-233","Jaden Riesenburg CA(SA)","https://za.linkedin.com/in/jadenriesenburg","City of Johannesburg, Gauteng, South Africa","South African Reserve Bank - Prudential Authority","Credit Risk Specialist","Senior Analyst","Credit Risk; Regulatory Credit Risk","Regulator","Prudential credit risk specialist","Analyst","Indexed LinkedIn result states Credit Risk Specialist at Prudential Authority, SARB.","https://za.linkedin.com/in/jadenriesenburg","8","High",""
"CRSA-234","Yolanda Wilson","https://za.linkedin.com/in/yolanda-wilson-a63b6a134","Cape Town, Western Cape, South Africa","FNB","Credit Portfolio Manager","Manager","Credit Risk; Portfolio Risk","Bank","Credit portfolio management; former credit analyst","Manager","Indexed LinkedIn result states Credit Portfolio Manager at FNB and prior Credit Analyst.","https://za.linkedin.com/in/yolanda-wilson-a63b6a134","8","High",""
"CRSA-235","Paul Erasmus","https://za.linkedin.com/in/paul-erasmus","South Africa","FNB South Africa","Head of Group Retail Credit Risk","Head","Retail Credit; Credit Risk","Bank","Group retail credit risk leadership","Head","Indexed LinkedIn result states Head of Group Retail Credit Risk at FNB South Africa.","https://za.linkedin.com/in/paul-erasmus","9","High",""
"CRSA-236","Candice-Crystal O.","https://za.linkedin.com/in/candice-crystal-o-9ab1308a","South Africa","FNB South Africa","Consumer Credit Risk Management Portfolio Analyst","Analyst","Consumer Credit; Portfolio Risk","Bank","Consumer credit risk portfolio analysis","Analyst","Indexed LinkedIn result states Consumer Credit Risk Management Portfolio Analyst at FNB South Africa.","https://za.linkedin.com/in/candice-crystal-o-9ab1308a","9","High",""
"CRSA-237","Kgotso Nyamande","https://za.linkedin.com/in/kgotso-nyamande-ba4a94123","South Africa","Standard Bank South Africa","Credit Risk Leader","Senior Manager","Credit Risk; Credit Strategy; Lending Risk","Bank","Retail and business banking, secured and unsecured lending, credit strategy","Manager","Indexed LinkedIn result states Credit Risk Leader at Standard Bank with retail/business banking and credit strategy.","https://za.linkedin.com/in/kgotso-nyamande-ba4a94123","9","High",""
"CRSA-238","Thulo Mohlabane","https://za.linkedin.com/in/thulo-mohlabane-349b7199","South Africa","FNB South Africa","Credit Manager | SME & Commercial Lending","Manager","SME Credit; Commercial Credit; Portfolio Risk","Bank","SME and commercial lending risk and portfolio management","Manager","Indexed LinkedIn result states Credit Manager for SME & Commercial Lending at FNB.","https://za.linkedin.com/in/thulo-mohlabane-349b7199","8","High",""
"CRSA-239","Teboho Thulo","https://za.linkedin.com/in/teboho-thulo-5312a4145","City of Johannesburg, Gauteng, South Africa","Nedbank","Internal Auditor: Retail Credit Risk","Senior Analyst","Retail Credit; Credit Risk; Audit","Bank","Retail credit risk audit","Analyst","Indexed LinkedIn result states Internal Auditor: Retail Credit Risk at Nedbank.","https://za.linkedin.com/in/teboho-thulo-5312a4145","7","High",""
"CRSA-240","Neshi Chinsamy","https://za.linkedin.com/in/neshi-chinsamy-4069b059","Pretoria, Gauteng, South Africa","First National Bank","Consumer Credit Risk Manager","Manager","Consumer Credit; Credit Risk","Bank","Consumer credit risk management","Manager","Indexed LinkedIn result states Consumer Credit Risk Manager at First National Bank.","https://za.linkedin.com/in/neshi-chinsamy-4069b059","8","High",""
"CRSA-241","Derek Doody","https://za.linkedin.com/in/derek-doody-b63ba44a","South Africa","Absa Group","Senior Manager: Credit Risk Assurance","Senior Manager","Credit Risk; Assurance; Retail Credit Modelling","Bank","Credit risk assurance and retail credit risk modelling","Manager","Indexed LinkedIn result states Senior Manager: Credit Risk Assurance and retail credit risk modelling history.","https://za.linkedin.com/in/derek-doody-b63ba44a","8","High",""
"CRSA-242","Sibusiso Mtiyane","https://za.linkedin.com/in/sibusiso-mtiyane-msc-56470653","South Africa","Tesserai / Standard Bank history","Credit Risk | Data Science | Operations Research","Senior Analyst","Credit Risk; Data Science; Operations Research","Analytics / bank","Credit risk data science and operations research","Analyst","Indexed LinkedIn result states Credit Risk, Data Science and Standard Bank experience.","https://za.linkedin.com/in/sibusiso-mtiyane-msc-56470653","8","High",""
"CRSA-243","Stephen Sevastides CA(SA)","https://www.linkedin.com/in/stephen-sevastides","South Africa","Needs verification","Senior Lead Credit Risk Officer","Senior Manager","Credit Risk; Credit Analysis","Bank / financial services","Senior credit risk officer","Manager","Indexed LinkedIn result states Senior Lead Credit Risk Officer and South Africa banking exposure.","https://www.linkedin.com/in/stephen-sevastides","7","Medium",""
"CRSA-244","Lerato Mothopeng","https://za.linkedin.com/in/lerato-mothopeng-a15751255","South Africa","Needs verification","Credit Analyst | Corporate, NBFIs & SME Credit Risk","Analyst","Credit Risk; SME Credit; Basel","Bank","Corporate, NBFI and SME credit risk; Basel capital requirements","Analyst","Indexed LinkedIn result states Credit Analyst with Corporate, NBFI and SME Credit Risk / Basel.","https://za.linkedin.com/in/lerato-mothopeng-a15751255","8","Medium",""
"CRSA-245","Nontando Gcasamba","https://za.linkedin.com/in/nontando-gcasamba-428958106","Rosebank, Gauteng, South Africa","Standard Bank South Africa","Credit Risk Officer","Analyst","Credit Risk","Bank","Credit risk officer","Analyst","Indexed LinkedIn result states Credit Risk Officer at Standard Bank South Africa.","https://za.linkedin.com/in/nontando-gcasamba-428958106","8","High",""
"CRSA-246","Zain Davids","https://za.linkedin.com/in/zain-davids","Rosebank, Gauteng, South Africa","Standard Bank South Africa","Credit Risk Asset Specialist","Senior Analyst","Credit Risk; Asset Finance Risk","Bank","Credit risk asset specialist","Analyst","Indexed LinkedIn result states Credit Risk Asset Specialist at Standard Bank South Africa.","https://za.linkedin.com/in/zain-davids","8","High",""
"CRSA-247","Delray Brikkels","https://za.linkedin.com/in/delray-brikkels-6852039b","South Africa","Needs verification","Experienced Credit, Risk, Operations and Service Leader","Senior Manager","Retail Credit; Credit Risk; Operations","Retail credit / financial services","Retail credit and risk leadership","Manager","Indexed LinkedIn result states experienced credit, risk, operations leader with retail credit risk.","https://za.linkedin.com/in/delray-brikkels-6852039b","7","Medium",""
"CRSA-248","Lucille Bester","https://za.linkedin.com/in/lucille-bester-13143b144","City of Cape Town, Western Cape, South Africa","Bestec Financial Solutions","Credit Risk & Lending Automation Consultant","Consultant","Credit Risk; Lending Automation; Decisioning","Fintech lending / consulting","Credit risk and lending automation consulting","Consultant","Indexed LinkedIn result states Credit Risk & Lending Automation Consultant at Bestec Financial Solutions.","https://za.linkedin.com/in/lucille-bester-13143b144","8","High",""
"CRSA-249","Tshepo More","https://za.linkedin.com/in/tshepo-more","South Africa","Nedbank","Head: Enterprise Risk Management / Retail Credit Risk history","Head","Retail Credit; Credit Risk","Bank","Retail credit risk leadership","Head","Indexed LinkedIn result states Nedbank Retail Credit Risk experience and Head: Enterprise Risk Management.","https://za.linkedin.com/in/tshepo-more","7","Medium",""
"CRSA-250","Refilwe Thabini","https://za.linkedin.com/in/refilwe-thabini-9b3512b5","Johannesburg Metropolitan Area, South Africa","Needs verification","Senior Manager | Credit Governance | Risk","Senior Manager","Credit Risk; Governance; Reporting","Bank / financial services","Credit risk reporting and credit governance","Manager","Indexed LinkedIn result states Senior Manager Credit Governance/Risk and Manager: Credit Risk Reporting.","https://za.linkedin.com/in/refilwe-thabini-9b3512b5","8","Medium",""
"CRSA-251","Jenna Kampel","https://za.linkedin.com/in/jenna-kampel-689171196","City of Cape Town, Western Cape, South Africa","Investec","Group Credit Risk Officer","Senior Analyst","Credit Risk","Bank","Group credit risk officer","Analyst","Indexed LinkedIn result states Group Credit Risk Officer at Investec.","https://za.linkedin.com/in/jenna-kampel-689171196","8","High",""
"CRSA-252","Phumelele Mkhize","https://za.linkedin.com/in/phumelele-mkhize-82294946","Port Elizabeth, Eastern Cape, South Africa","Standard Bank Group","Credit Risk Officer | Business and Commercial Banking","Analyst","Credit Risk; Commercial Credit","Bank","Business and commercial banking credit risk","Analyst","Indexed LinkedIn result states Credit Risk Officer at Standard Bank business/commercial banking.","https://za.linkedin.com/in/phumelele-mkhize-82294946","8","High",""
"CRSA-253","Rumark Watson","https://za.linkedin.com/in/rumark-watson-a56b0420a","South Africa","FNB South Africa","Collections Manager (Credit Risk and Debt Restructuring)","Manager","Collections Strategy; Credit Risk; Debt Restructuring","Bank","Credit risk and debt restructuring collections","Manager","Indexed LinkedIn result states Collections Manager (Credit Risk and Debt Restructuring) at FNB.","https://za.linkedin.com/in/rumark-watson-a56b0420a","8","High",""
"CRSA-254","Lennox Morare","https://za.linkedin.com/in/lennox-morare-9913a318a","Johannesburg Metropolitan Area, South Africa","Standard Bank","Credit Strategy Manager","Manager","Credit Strategy; Credit Risk","Bank","Credit strategy management","Manager","Indexed LinkedIn result states Credit Strategy Manager at Standard Bank.","https://za.linkedin.com/in/lennox-morare-9913a318a","8","High",""
"CRSA-255","Yulesha Devnarain","https://za.linkedin.com/in/yulesha-devnarain-2853b0bb","Durban, South Africa","Standard Bank Group","Credit Risk Officer","Analyst","Credit Risk","Bank","Credit risk officer","Analyst","Indexed LinkedIn result states Credit Risk Officer at Standard Bank Group.","https://za.linkedin.com/in/yulesha-devnarain-2853b0bb","8","High",""
"CRSA-256","Shanell Naidoo","https://za.linkedin.com/in/shanell-naidoo-3905b663","Durban, South Africa","Investec","Credit Risk Officer","Analyst","Credit Risk","Bank","Credit risk officer","Analyst","Indexed LinkedIn result states Credit Risk Officer at Investec.","https://za.linkedin.com/in/shanell-naidoo-3905b663","8","High",""
"CRSA-257","Nelisa N.","https://za.linkedin.com/in/nelisa-ntabeni","Rustenburg, North-West, South Africa","Absa Group","Credit Manager","Manager","Credit Risk; Credit Analysis","Bank","Credit risk management","Manager","Indexed LinkedIn result states Credit Manager at Absa Group and expert in credit risk management.","https://za.linkedin.com/in/nelisa-ntabeni","8","High",""
"SA-CR-001","Jaco Sobotker","https://www.linkedin.com/in/jacosobotker/","Johannesburg, South Africa","TransUnion Africa","Managing Director, TransUnion South Africa","Executive","Credit Bureau Leadership","Credit Bureau","Bureau scoring; credit risk analytics; credit data","Executive","Multiple public appearances as TransUnion SA MD. Industry conference speaker.","transunion.co.za; press releases","8","High","Executive level — included for market context. Has deep credit risk industry knowledge. Added via 1200-target buildout addendum; verify before outreach."
"SA-CR-002","Alain Hanover","https://www.linkedin.com/in/alainhanover/","Cape Town, South Africa","Principa","Managing Director","Executive","Credit Risk Consulting","Analytics Consulting","Scorecard development; credit risk consulting; analytics","Executive","Principa MD. Multiple industry publications and conference appearances on credit risk analytics.","principa.co.za; industry conferences","9","High","Key figure in SA credit risk consulting. Principa is specialist credit risk analytics firm. Added via 1200-target buildout addendum; verify before outreach."
"SA-CR-003","Carmen Williams","https://www.linkedin.com/in/carmen-williams-credit/","Cape Town, South Africa","Woolworths Financial Services","Needs verification","Manager/Senior Manager","Credit Risk Management","Retail Credit","Retail credit risk; store card risk; collections","Manager","Found via WFS credit risk team searches. Title needs verification.","LinkedIn search results","6","Medium","Title and exact role need manual verification. Added via 1200-target buildout addendum; verify before outreach."
"SA-CR-004","Mogau Maila","https://www.linkedin.com/in/mogaumaila/","Johannesburg, South Africa","Standard Bank","Credit Risk — needs verification","Analyst/Senior Analyst","Credit Risk Analytics","Bank","Credit risk analysis; banking","Analyst","Public LinkedIn snippet indicating Standard Bank and credit risk.","LinkedIn X-ray search","6","Medium","Exact title needs verification. Added via 1200-target buildout addendum; verify before outreach."
"SA-CR-005","Warren Butler","https://www.linkedin.com/in/warrenbutler1/","Johannesburg, South Africa","Experian South Africa","Decision Analytics — needs verification","Manager","Decision Analytics","Credit Bureau","Scorecard development; credit decisioning; bureau analytics","Manager","Experian SA Decision Analytics team. Industry event appearances.","experian.co.za; LinkedIn","7","Medium","Need to verify current role — may have moved. Added via 1200-target buildout addendum; verify before outreach."
"SA-CR-006","Nomsa Memory Memory-Chibaya","https://www.linkedin.com/in/nomsa-chibaya/","Johannesburg, South Africa","Absa","Credit Risk — needs verification","Analyst/Senior Analyst","Credit Risk","Bank","Credit risk analysis","Analyst","LinkedIn snippet from Absa credit risk search.","LinkedIn X-ray","5","Low","Needs full verification. Name carried across exactly from supplied addendum; confirm spelling/name format manually. Added via 1200-target buildout addendum; verify before outreach."
"SA-CR-007","Pranesh Doorgapershad","https://www.linkedin.com/in/praneshdoorgapershad/","Johannesburg, South Africa","Deloitte South Africa","Financial Risk Management — needs verification","Consultant/Manager","Credit Risk Consulting","Consulting","IFRS 9; model validation; credit risk modelling","Consultant","Deloitte SA financial risk consulting team.","LinkedIn X-ray; deloitte.com","7","Medium","Big Four credit risk consultants rotate — need to verify current assignment. Added via 1200-target buildout addendum; verify before outreach."
"SA-CR-008","Ridwaan Mahomed","https://www.linkedin.com/in/ridwaanmahomed/","Johannesburg, South Africa","PwC South Africa","Financial Risk Management — needs verification","Manager/Senior Manager","Credit Risk Consulting","Consulting","IFRS 9; credit risk modelling; model validation","Manager","PwC SA financial risk team.","LinkedIn X-ray","7","Medium","Needs role verification. Added via 1200-target buildout addendum; verify before outreach."
"SA-CR-011","Dr. Jaco Fouché","https://www.linkedin.com/in/jacofouche/","Johannesburg/Pretoria, South Africa","Academic/Consulting","Credit Risk Researcher/Consultant","Consultant/Academic","Credit Risk Research","Consulting/Academic","Credit risk modelling; Basel; IFRS 9","Consultant","Published academic papers on credit risk in South Africa. UP/Wits/Stellenbosch connection.","Academic publications","7","Medium","Academic with industry consulting. URL needs verification. Added via 1200-target buildout addendum; verify before outreach."
"SA-CR-012","Dr. Tanja Verster","https://www.linkedin.com/in/tanjaverster/","Pretoria, South Africa","University of Pretoria / Banking sector","Credit Risk Researcher","Consultant/Academic","Credit Risk Modelling","Academic/Bank","Credit scoring; scorecard development; PD modelling","Consultant","Published researcher in credit risk modelling. Multiple South African journal publications.","Academic databases; Google Scholar","8","Medium","Prolific credit risk researcher. May be in industry or academia. Added via 1200-target buildout addendum; verify before outreach."
"SA-CR-014","Morne Joubert","https://www.linkedin.com/in/mornejoubert/","Johannesburg, South Africa","Nedbank","Credit Risk / Risk Analytics senior role","Senior Manager/Head","Risk Analytics","Bank","Credit risk analytics; portfolio risk","Manager/Head","Nedbank risk analytics leadership. Industry references.","Industry sources","7","Medium","Needs role verification. Added via 1200-target buildout addendum; verify before outreach."
"SA-CR-017","Brendan Sobey","https://www.linkedin.com/in/brendansobey/","Johannesburg, South Africa","SAS Institute South Africa","Risk Solutions / Credit Risk Consulting","Manager/Senior Consultant","Credit Risk Solutions","Analytics / Software","Credit risk modelling; analytics; SAS solutions","Senior Consultant","SAS risk solutions team South Africa. Industry conference speaker.","SAS events; LinkedIn","7","Medium","SAS has dedicated risk solutions consultants in South Africa. Added via 1200-target buildout addendum; verify before outreach."
"SA-CR-018","Arno Botha","https://www.linkedin.com/in/arnobotha/","Pretoria/Johannesburg, South Africa","University of Pretoria / Industry","Credit Risk Researcher/Practitioner","Consultant/Academic","Credit Risk Modelling","Academic","IFRS 9; ECL modelling; credit risk","Consultant","Published extensively on IFRS 9 and credit risk modelling in South Africa context.","Google Scholar; UP research outputs","8","Medium","Key IFRS 9 researcher in South Africa. May have industry consulting role. Added via 1200-target buildout addendum; verify before outreach."
"SA-CR-U20260619-001","Nina van Rensburg","https://za.linkedin.com/in/nina-van-rensburg-548317184","South Africa (Johannesburg)","Standard Bank South Africa","Credit Risk Analyst","Analyst","Credit Risk","Bank","Credit Risk","Credit Risk","Explicit title “Credit Risk Analyst at Standard Bank South Africa”","https://za.linkedin.com/in/nina-van-rensburg-548317184","9","High","Verified public profile. | Added from user-supplied URL-only batch 2026-06-19. Original supplied ID: SA-CR-001. Current/former: Current."
"SA-CR-U20260619-002","Josina Mphaga","https://za.linkedin.com/in/josina-mphaga-66343477","South Africa (Port Elizabeth/Johannesburg)","Standard Bank South Africa","Credit Risk Manager","Manager","Credit Risk","Bank","Credit Risk","Credit Risk","Current title listed","https://za.linkedin.com/in/josina-mphaga-66343477","8","High","Added from user-supplied URL-only batch 2026-06-19. Original supplied ID: SA-CR-003. Current/former: Current."
"SA-CR-U20260619-003","Petri Wentzel","https://za.linkedin.com/in/petri-wentzel-4580061b4","South Africa (Johannesburg)","Standard Bank Group","Head, Credit Risk, Regulatory Reporting SA","Head","Credit Risk","Bank","Regulatory Credit Risk / IFRS 9 related","Head","Explicit head title","https://za.linkedin.com/in/petri-wentzel-4580061b4","10","High","Senior leadership. | Added from user-supplied URL-only batch 2026-06-19. Original supplied ID: SA-CR-004. Current/former: Current."
"SA-CR-U20260619-004","Leigh-Anne Theys","https://za.linkedin.com/in/leigh-anne-theys-4a507a232","South Africa (Johannesburg)","Absa Group","Credit Risk Analyst - Portfolio Analytics","Analyst","Portfolio Risk","Bank","Portfolio Analytics / Credit Risk","Analyst","Explicit portfolio analytics role","https://za.linkedin.com/in/leigh-anne-theys-4a507a232","9","High","Added from user-supplied URL-only batch 2026-06-19. Original supplied ID: SA-CR-008. Current/former: Current."
"SA-CR-U20260619-005","Christine van der Walt","https://za.linkedin.com/in/christine-van-der-walt-sa","South Africa (Johannesburg)","Nedbank","Head: CIB Risk Data, Models and Innovation","Head","Risk Analytics / Model Risk","Bank","Credit Risk Models, Climate Risk","Head","Expertise in credit risk quantitative analytics","https://za.linkedin.com/in/christine-van-der-walt-sa","9","High","Added from user-supplied URL-only batch 2026-06-19. Original supplied ID: SA-CR-011. Current/former: Current."
"SA-CR-U20260619-006","Chris Swanepoel","https://za.linkedin.com/in/chris-swanepoel-81b72a85","South Africa (Johannesburg)","Experian","Decision Analytics Consultant","Consultant","Decisioning / Credit Analytics","Credit Bureau","Decision Analytics, Scorecards","Consultant","Consultant title at Experian","https://za.linkedin.com/in/chris-swanepoel-81b72a85","9","High","Added from user-supplied URL-only batch 2026-06-19. Original supplied ID: SA-CR-014. Current/former: Current."
"SA-CR-U20260619-007","Viney Naradh","https://za.linkedin.com/in/viney-naradh-383a81a8","South Africa (Johannesburg)","Investec","Credit Risk Analyst","Analyst","Credit Risk","Bank","Credit Risk","Analyst","Analyst title at Investec","https://za.linkedin.com/in/viney-naradh-383a81a8","8","High","Added from user-supplied URL-only batch 2026-06-19. Original supplied ID: SA-CR-019. Current/former: Current."
"SA-CR-U20260619-008","Phumzile Msimanga","https://za.linkedin.com/in/phumzile-msimanga-a22732b1","South Africa (Johannesburg)","Discovery Bank","Credit Risk Analyst","Analyst","Credit Risk","Digital Bank","Credit Risk","Analyst","Title at Discovery Bank","https://za.linkedin.com/in/phumzile-msimanga-a22732b1","8","High","Added from user-supplied URL-only batch 2026-06-19. Original supplied ID: SA-CR-022. Current/former: Current."
"SA-CR-U20260619B-001","Amelia Pretorius, FRM","https://za.linkedin.com/in/amelia-pretorius-frm-8b29b298","South Africa (Cape Town)","FNB (FirstRand) / recent moves noted","Credit Risk Data Analyst / Portfolio Risk Management","Analyst","Portfolio Risk","Banks","Portfolio risk, BA200 returns, credit analytics","Analyst","Snippet details FNB Portfolio Risk Management & BA200 credit risk returns","https://za.linkedin.com/in/amelia-pretorius-frm-8b29b298","9","High","Strong portfolio analytics background | Submitted ID: SA-CR-002 | Current/Former: Current / Recent | Verification basis: LinkedIn confirms role at major SA bank with explicit credit risk duties"
"SA-CR-U20260619B-002","Sipho Langa, CA(SA)","https://za.linkedin.com/in/sipho-langa","South Africa (Johannesburg)","Public Investment Corporation (PIC)","Senior Credit Risk Analyst","Senior Analyst","Credit Risk","Investment / Credit Assessment","Credit risk assessment","Analyst","Title confirms Senior Credit Risk Analyst at PIC","https://za.linkedin.com/in/sipho-langa","8","High","Investment-grade credit focus | Submitted ID: SA-CR-005 | Current/Former: Current | Verification basis: LinkedIn title & experience in SA public investment credit"
"SA-CR-U20260619B-003","Ruan du Plessis","https://za.linkedin.com/in/ruan-du-plessis-59932293","South Africa (Johannesburg)","Merchant Capital South Africa","Head of Credit Risk and Data Analytics","Head","Credit Risk / Credit Analytics","Fintech / SME Lending","Credit risk, data analytics","Head","Title explicitly Head of Credit Risk and Data Analytics","https://za.linkedin.com/in/ruan-du-plessis-59932293","9","High","Strong leadership profile | Submitted ID: SA-CR-006 | Current/Former: Current | Verification basis: Direct match for fintech lender"
"SA-CR-U20260619B-004","Andile Hadebe","https://za.linkedin.com/in/andile-hadebe-04b59813a","South Africa (Johannesburg)","Standard Bank South Africa","Quantitative Analyst (CIB Model Development)","Analyst","Model Development","Banks","Credit risk modelling, governance","Analyst","Snippet references credit risk management & model development","https://za.linkedin.com/in/andile-hadebe-04b59813a","9","High","CIB focus | Submitted ID: SA-CR-007 | Current/Former: Current | Verification basis: LinkedIn confirms quantitative credit modelling"
"SA-CR-U20260619B-005","Sylvester Zwane","https://za.linkedin.com/in/slyzwane","South Africa (Johannesburg)","Nedbank","Credit Risk Manager","Manager","Credit Risk","Banks","Credit risk management & compliance","Manager","Title & experience in credit risk at Nedbank & prior SBSA","https://za.linkedin.com/in/slyzwane","8","High","Retail & corporate exposure | Submitted ID: SA-CR-009 | Current/Former: Current | Verification basis: Multiple years explicit credit risk experience"
"SA-CR-U20260619B-006","Thandeka Mkhize","https://za.linkedin.com/in/thandeka-mkhize-a45abb79","South Africa (Pretoria/Johannesburg)","Public Investment Corporation (PIC)","Credit Risk Analyst","Analyst","Credit Risk","Investment / Credit","Credit risk advice & assessment","Analyst","Title & description of providing credit risk advice","https://za.linkedin.com/in/thandeka-mkhize-a45abb79","8","High","Complements other PIC profiles | Submitted ID: SA-CR-013 | Current/Former: Current | Verification basis: Explicit PIC credit risk analyst role"
"SA-CR-U20260619B-007","Brendan Baynham","https://za.linkedin.com/in/brendan-baynham-a7901413","South Africa (Cape Town)","WesBank (FirstRand)","Head of Credit","Head","Vehicle Finance Risk","Vehicle Finance","Vehicle finance credit risk","Head","Title confirms Head of Credit at WesBank","https://za.linkedin.com/in/brendan-baynham-a7901413","8","High","Specialized vehicle risk | Submitted ID: SA-CR-016 | Current/Former: Current | Verification basis: Motor finance leadership"
"SA-CR-U20260619B-008","Joseph Mvula","https://za.linkedin.com/in/joseph-mvula-8033a3a6","South Africa (Johannesburg)","Pepkor Lifestyle / Connect Financial Solutions","Collections Strategy Manager","Manager","Collections Strategy","Retail Credit / Collections","Collections strategy & analytics","Manager","Title lists Collections Strategy Manager","https://za.linkedin.com/in/joseph-mvula-8033a3a6","8","High","Retail/collections focus | Submitted ID: SA-CR-017 | Current/Former: Current | Verification basis: Direct collections strategy role"
"CRSA-258","Mlungisi Professor Lukhele","https://www.linkedin.com/in/mlungisi-professor-lukhele-65355194/","South Africa / Bloemfontein","Capitec Bank (former)","Consultant and Credit Risk Analyst","Consultant","Credit Analytics","Banks","Scorecard development / IFRS 9","Consultant","Capitec – Consultant and Credit Risk Analyst Oct 2012-Sep 2015 – PD/LGD/EAD, IAS 39 to IFRS 9, Scorecard formulation","https://www.linkedin.com/in/mlungisi-professor-lukhele-65355194/","7","Medium","Former Capitec"
"CRSA-259","grace Rikhotso","https://www.linkedin.com/in/grace-rikhotso-55353473/","Johannesburg Gauteng SA","Nedbank","Early collection credit risk analyst","Analyst","Collections Analytics","Banks","Collections strategy","Analyst","Early collection credit risk analyst at Nedbank","https://www.linkedin.com/in/grace-rikhotso-55353473/","7","High",""
"CRSA-260","Kefilwe Matjila CA (SA)","https://www.linkedin.com/in/kefilwe-matjila-ca-sa-56220643/","Johannesburg Gauteng SA","Standard Bank Corporate and Investment Banking","Credit Risk Analyst","Analyst","Credit Risk","Banks","CIB Credit Risk","Analyst","Experienced Credit Risk Analyst … Standard Bank Corporate and Investment Banking","https://www.linkedin.com/in/kefilwe-matjila-ca-sa-56220643/","7","Medium","CA(SA)"
"CRSA-261","Jéan Erasmus","https://www.linkedin.com/in/jeanerasmus/","Johannesburg SA","FirstRand Bank Ltd","Head of Credit Risk, Restructuring, Workout and Recoveries","Head","Credit Risk","Banks","Credit Risk / Workout / Recoveries","Head","Head of Credit Risk … FirstRand … Asset Finance (WesBank), Commercial (FNB), C&I (RMB) – Rest of Africa","https://www.linkedin.com/in/jeanerasmus/","10","High","CA(SA)"
"CRSA-262","Willy Robinson","https://www.linkedin.com/in/willyrobinson/","Johannesburg Gauteng SA","RMB - Rand Merchant Bank","Snr Credit Risk Executive: Credit Sponsor Deployed in Real Estate","Senior Manager","Credit Risk","Banks","Commercial Property Finance","Manager","Senior Credit Risk Executive FirstRand/RMB … real estate portfolio >R80bn … Property Finance Credit Committee Chair 10+ yrs","https://www.linkedin.com/in/willyrobinson/","9","High",""
"CRSA-263","Bradwyn Booysen","https://www.linkedin.com/in/bradwyn-booysen-a16911130/","Cape Town Western Cape SA","FNB South Africa","Client Portfolio Executive (former Credit Analyst)","Analyst","Credit Risk","Banks","Agricultural / Commercial Credit","Analyst","Credit Analyst FNB Jun 2009-Apr 2013 – Assess credit risk … Apply credit risk criteria","https://www.linkedin.com/in/bradwyn-booysen-a16911130/","6","High","Now Client Portfolio Executive"
"CRSA-264","Wilson William","https://www.linkedin.com/in/wilson-william-978a8799/","Johannesburg Gauteng SA","Rand Merchant Bank","Senior Analyst - Client Financial Crime Unit","Senior Analyst","Fraud / Lending Risk","Banks","Financial Crime / NCA","Analyst","RMB CIB – risk oversight … National Credit Act (NCA) … AML/CTF","https://www.linkedin.com/in/wilson-william-978a8799/","5","Medium","FCC with NCA exposure"
"CRSA-265","Lisa Brown","https://www.linkedin.com/in/lisa-brown-b7a2429/","Johannesburg Gauteng SA","FirstRand","Risk Analyst","Analyst","Credit Risk","Banks","Banking Risk","Analyst","Experienced Risk Analyst with a demonstrated history of working in the banking industry … Experience: FirstRand","https://www.linkedin.com/in/lisa-brown-b7a2429/","6","Medium","Public snippet limited"
"CRSA-266","Jannes van Aswegen","https://www.linkedin.com/in/jannes-van-aswegen-b08a19167/","Johannesburg Gauteng SA","Absa Group","Credit Risk Analyst: Home Loans Acquisitions","Analyst","Credit Analytics","Banks","Mortgage Risk / IFRS 9","Analyst","Credit Risk Analyst: Home Loans Acquisitions … Actuarial Science … credit risk, data and analytics … FRM Part 1","https://www.linkedin.com/in/jannes-van-aswegen-b08a19167/","8","High","Actuarial / FRM candidate"
"CRSA-267","Mthokozisi Sibiya","https://www.linkedin.com/in/mthokozisi-sibiya-07008a195/","Johannesburg SA","Absa Group","Credit Analyst - Wealth Credit Origination","Analyst","Credit Risk","Banks","Wealth / Private Banking Credit","Analyst","Credit Analyst Wealth Credit Origination at Absa Group","https://www.linkedin.com/in/mthokozisi-sibiya-07008a195/","7","Medium","Public snippet limited"
"CRSA-268","Clenton McCarthy","https://www.linkedin.com/in/clenton-mccarthy-110b2989/","City of Cape Town Western Cape South Africa","Capfin","Payment Solutions Manager","Manager","Collections Strategy","Retail credit providers","Retail Credit / Collections Risk","Manager","Payment Solutions Manager Capfin – 'manage all Collections strategies … Account Originations to Collections'. Prior: Head of Risk Operations/Collections at Woolworths Financial Services – managed Fraud Operations, Bad Debt Recoveries, Collections Operations, Debt Counselling, 250 staff + 13 DCAs. Prior: Consumer Credit Risk Consultant PIC Solutions – design/recommendation/implementation of credit strategies for ABSA, Nedbank, FNB, Woolworths, Edcon, Foschini, Truworths, Mr Price, DirectAxis, SA Taxi Finance","https://www.linkedin.com/in/clenton-mccarthy-110b2989/","8","High","Retail credit heavyweight – WFS / Capfin – ex-PIC Solutions consultant – covers TFG/Truworths/Mr Price | Submitted ID: SA-CR-014 | Current/Former: Current | Verification basis: LinkedIn profile confirms credit risk / collections leadership roles"
"CRSA-269","Amy Matloga","https://www.linkedin.com/in/amy-matloga-47b761137/","City of Johannesburg Gauteng South Africa","Absa Group","Credit Risk Analyst","Analyst","Credit Risk","Banks","Credit Risk / Data Science","Analyst","'I'm currently working as a Credit Risk Analyst through the Data Science…' – Experience: Absa Group – 3+ years risk management environment","https://www.linkedin.com/in/amy-matloga-47b761137/","7","Medium","Data Science route into credit risk | Submitted ID: SA-CR-015 | Current/Former: Current | Verification basis: LinkedIn profile confirms credit risk analyst role at Absa"
"CRSA-270","Joanna Rodger","https://www.linkedin.com/in/joanna-rodger-90093863/","City of Cape Town Western Cape South Africa","Standard Bank Group","Senior Quantitative Analyst Head of CtB Trading Risk Analytics","Senior Manager","Risk Analytics","Banks","Quantitative Credit Risk","Manager","Senior Quantitative Analyst … Risk and Derivatives Specialist … Model development … equity, credit … Strong analytical ability … Prior: Senior Quantitative Credit Analyst Standard Bank Group Aug 2013-Mar 2016","https://www.linkedin.com/in/joanna-rodger-90093863/","8","High","15+ years quant – ex-credit analyst – now Trading Risk | Submitted ID: SA-CR-016 | Current/Former: Current | Verification basis: LinkedIn title confirms quantitative credit analyst background"
"CRSA-271","lebogang Rapesiwa","https://www.linkedin.com/in/lebogang-rapesiwa-2786883a/","South Africa","Nedbank","credit risk analyst","Analyst","Credit Risk","Banks","Credit Risk","Analyst","credit risk analyst at Nedbank – member since 2009-12","https://www.linkedin.com/in/lebogang-rapesiwa-2786883a/","6","High","Long-tenure Nedbank | Submitted ID: SA-CR-018 | Current/Former: Current | Verification basis: LinkedIn title confirms credit risk role"
"CRSA-272","Pulane Makhoane","https://www.linkedin.com/in/pulane-makhoane-0a0152322/","Pretoria Gauteng South Africa","Nedbank","Credit Risk Analyst","Analyst","Credit Risk","Banks","Credit Risk","Analyst","Credit Risk Analyst at Nedbank","https://www.linkedin.com/in/pulane-makhoane-0a0152322/","6","High","Pretoria-based | Submitted ID: SA-CR-019 | Current/Former: Current | Verification basis: LinkedIn title confirms credit risk role"
"CRSA-273","Bradley Thomas","https://www.linkedin.com/in/bradley-thomas-16340283/","City of Cape Town Western Cape South Africa","FNB South Africa","Credit & Risk Management Professional","Senior Manager","Credit Risk","Banks","Credit & Risk Management","Manager","Credit & Risk Management Professional with over 26 years of experience … Experience: FNB South Africa","https://www.linkedin.com/in/bradley-thomas-16340283/","8","High","26 years – Cape Town – senior | Submitted ID: SA-CR-022 | Current/Former: Current | Verification basis: LinkedIn profile confirms credit risk management role"
"CRSA-274","Lindsay Peters","https://www.linkedin.com/in/lindsay-peters-28a90758/","South Africa","Standard Bank Group","Regional Credit Head","Head","Credit Risk","Banks","Commercial / Business Credit","Head","Regional Credit Head at Standard Bank Group","https://www.linkedin.com/in/lindsay-peters-28a90758/","8","Medium","Public snippet limited – credit head confirmed | Submitted ID: SA-CR-023 | Current/Former: Current | Verification basis: LinkedIn title confirms credit risk role"
"CRSA-275","Sandra K.","https://www.linkedin.com/in/sandra-k-80525912","Johannesburg","Standard Bank","Head Finance Credit, Ops Risk & Fraud","Head","Fraud / Lending Risk","Bank","Credit Ops Risk & Fraud","Head","Head Finance Credit, Ops Risk & Fraud at Standard Bank — source batch lists LinkedIn evidence for Credit Ops Risk & Fraud.","https://www.linkedin.com/in/sandra-k-80525912","7","Medium","Wave 2 passes 3–6 verified profile list | Verification basis: LinkedIn profile"
"CRSA-276","Andzisile Gabuza","https://www.linkedin.com/in/andzisile-gabuza-2ab82621","Johannesburg","Standard Bank","Head: Credit Risk Analytics (PBB)","Head","Credit Analytics","Bank","Credit Risk Analytics","Head","Head: Credit Risk Analytics (PBB) at Standard Bank — source batch lists LinkedIn evidence for Credit Risk Analytics.","https://www.linkedin.com/in/andzisile-gabuza-2ab82621","10","High","Wave 2 passes 3–6 verified profile list | Verification basis: LinkedIn profile"
"CRSA-277","Tshidiso Ntsuba","https://www.linkedin.com/in/tshidiso-ntsuba-499495163","Johannesburg","Nedbank","Credit Risk Analyst / Manager: Credit Risk Portfolio","Manager","Credit Risk","Bank","Credit Risk Portfolio","Manager","Credit Risk Analyst / Manager: Credit Risk Portfolio at Nedbank — source batch lists LinkedIn evidence for Credit Risk Portfolio.","https://www.linkedin.com/in/tshidiso-ntsuba-499495163","8","High","Wave 2 passes 3–6 verified profile list | Verification basis: LinkedIn profile"
"CRSA-278","Refiloe Pietersen","https://www.linkedin.com/in/refiloe-pietersen-ba96a7204","Johannesburg","Nedbank","Credit Risk Analyst","Analyst","Credit Risk","Bank","Credit Risk Analysis","Analyst","Credit Risk Analyst at Nedbank — source batch lists LinkedIn evidence for Credit Risk Analysis.","https://www.linkedin.com/in/refiloe-pietersen-ba96a7204","7","High","Wave 2 passes 3–6 verified profile list | Verification basis: LinkedIn profile"
"CRSA-279","Rihan Steenkamp","https://www.linkedin.com/in/rihan-steenkamp-7b797240","Johannesburg","Deloitte","Senior Manager: Credit Risk","Senior Manager","Credit Risk","Consulting","Credit Risk Advisory","Senior Manager","Senior Manager: Credit Risk at Deloitte — source batch lists LinkedIn evidence for Credit Risk Advisory.","https://www.linkedin.com/in/rihan-steenkamp-7b797240","9","High","Wave 2 passes 3–6 verified profile list | Verification basis: LinkedIn profile"
"CRSA-280","Mvelo Shandu","https://www.linkedin.com/in/mvelo-shandu-53182a88","Johannesburg","Deloitte","Senior Manager, Credit Risk Management","Senior Manager","Credit Risk","Consulting","Credit Risk Management","Senior Manager","Senior Manager, Credit Risk Management at Deloitte — source batch lists LinkedIn evidence for Credit Risk Management.","https://www.linkedin.com/in/mvelo-shandu-53182a88","9","High","Wave 2 passes 3–6 verified profile list | Verification basis: LinkedIn profile"
"CRSA-281","Nitesh Hutheram","https://www.linkedin.com/in/nitesh-hutheram-cfa-2ba18661","South Africa","Investec","Credit Risk Team Lead","Manager","Credit Risk","Bank","Credit Risk","Manager","Credit Risk Team Lead at Investec — source batch lists LinkedIn evidence for Credit Risk.","https://www.linkedin.com/in/nitesh-hutheram-cfa-2ba18661","9","High","Wave 2 passes 3–6 verified profile list | Verification basis: LinkedIn profile"
"CRSA-282","George Majoe","https://www.linkedin.com/in/george-majoe-1aa27a119","Pretoria","Capitec Bank","Credit Manager","Manager","Credit Risk","Bank","Retail Credit","Manager","Credit Manager at Capitec Bank — source batch lists LinkedIn evidence for Retail Credit.","https://www.linkedin.com/in/george-majoe-1aa27a119","8","High","Wave 2 passes 3–6 verified profile list | Verification basis: LinkedIn profile"
"CRSA-283","Ismail Moola","https://www.linkedin.com/in/ismail-moola-6813a73","Johannesburg","Capitec","Chief Risk Officer (CRO)","Executive","Credit Risk","Bank","Enterprise Risk / Credit","Executive","Chief Risk Officer (CRO) at Capitec — source batch lists LinkedIn evidence for Enterprise Risk / Credit.","https://www.linkedin.com/in/ismail-moola-6813a73","10","High","Wave 2 passes 3–6 verified profile list | Verification basis: LinkedIn profile"
"CRSA-284","Emma Mer","https://www.linkedin.com/in/emma-mer-87081189","Johannesburg","FNB","Chief Risk Officer","Executive","Credit Risk","Bank","Credit Risk / Enterprise Risk","Executive","Chief Risk Officer at FNB — source batch lists LinkedIn evidence for Credit Risk / Enterprise Risk.","https://www.linkedin.com/in/emma-mer-87081189","10","High","Wave 2 passes 3–6 verified profile list | Verification basis: LinkedIn profile"
"CRSA-285","Jessendri Naidoo","https://www.linkedin.com/in/jessendri-naidoo-652a2123","Johannesburg","FNB","Head of Risk","Head","Credit Risk","Bank","Credit Risk","Head","Head of Risk at FNB — source batch lists LinkedIn evidence for Credit Risk.","https://www.linkedin.com/in/jessendri-naidoo-652a2123","9","High","Wave 2 passes 3–6 verified profile list | Verification basis: LinkedIn profile"
"CRSA-286","Wim Borman","https://www.linkedin.com/in/wim-borman-273a3812b","Cape Town","ABSA","Credit Risk Manager","Manager","Credit Risk","Bank","Credit Risk Management","Manager","Credit Risk Manager at ABSA — source batch lists LinkedIn evidence for Credit Risk Management.","https://www.linkedin.com/in/wim-borman-273a3812b","8","High","Wave 2 passes 3–6 verified profile list | Verification basis: LinkedIn profile"
"CRSA-287","Mafemani Mathebula","https://www.linkedin.com/in/mafemani-mathebula-6155895","Johannesburg","Nedbank","Head of Wholesale Validation","Head","Model Risk","Bank","Credit Risk Model Validation","Head","Head of Wholesale Validation at Nedbank — source batch lists LinkedIn evidence for Credit Risk Model Validation.","https://www.linkedin.com/in/mafemani-mathebula-6155895","9","High","Wave 2 passes 3–6 verified profile list | Verification basis: LinkedIn profile"
"CRSA-288","Ivan du Plessis","https://www.linkedin.com/in/ivan-du-plessis-1808285","South Africa","Optimate Consulting","Director","Head","Credit Risk","Consulting","Credit Risk Consulting","Head","Director at Optimate Consulting — source batch lists LinkedIn evidence for Credit Risk Consulting.","https://www.linkedin.com/in/ivan-du-plessis-1808285","8","High","Wave 2 passes 3–6 verified profile list | Verification basis: LinkedIn profile"
"CRSA-289","Gert Myburgh","https://www.linkedin.com/in/gertjemb","South Africa","Deloitte","Partner, Credit Risk Assurance","Executive","Credit Risk","Consulting","Credit Risk Assurance","Executive","Partner, Credit Risk Assurance at Deloitte — source batch lists LinkedIn evidence for Credit Risk Assurance.","https://www.linkedin.com/in/gertjemb","9","High","Wave 2 passes 3–6 verified profile list | Verification basis: LinkedIn profile"
"CRSA-290","Lytania Johnson","https://www.linkedin.com/in/lytania-johnson-4bbaaa3a","Johannesburg","FNB / RMB","Chief Risk Officer","Executive","Credit Risk","Bank","Credit Risk / Banking","Executive","Chief Risk Officer at FNB / RMB — source batch lists LinkedIn evidence for Credit Risk / Banking.","https://www.linkedin.com/in/lytania-johnson-4bbaaa3a","10","High","Wave 2 passes 3–6 verified profile list | Verification basis: LinkedIn profile"
"CRSA-291","David Hodnett","https://www.linkedin.com/in/david-hodnett-033baaa9","Johannesburg","Standard Bank","CEO (former CRO)","Executive","Credit Risk","Bank","Credit Risk / Banking Leadership","Executive","CEO (former CRO) at Standard Bank — source batch lists LinkedIn evidence for Credit Risk / Banking Leadership.","https://www.linkedin.com/in/david-hodnett-033baaa9","3","Low","Wave 2 passes 3–6 verified profile list | Verification basis: LinkedIn profile"
"CRSA-292","Deon Viljoen","https://www.linkedin.com/in/deon-viljoen-5828835","Johannesburg","ABSA","Chief Risk Officer","Executive","Credit Risk","Bank","Credit Risk / Enterprise Risk","Executive","Chief Risk Officer at ABSA — source batch lists LinkedIn evidence for Credit Risk / Enterprise Risk.","https://www.linkedin.com/in/deon-viljoen-5828835","10","High","Wave 2 passes 3–6 verified profile list | Verification basis: LinkedIn profile"
"CRSA-293","Jemane Canavan","https://www.linkedin.com/in/jemane-canavan-84397318","Johannesburg","African Bank","Head: Credit Risk Management","Head","Credit Risk","Bank","Credit Risk Management","Head","Head: Credit Risk Management at African Bank — source batch lists LinkedIn evidence for Credit Risk Management.","https://www.linkedin.com/in/jemane-canavan-84397318","9","High","Wave 2 passes 7–10 verified profile list | Verification basis: LinkedIn profile"
"CRSA-294","Nungo Makhuvha","https://www.linkedin.com/in/nungo-makhuvha-244a4a13","Johannesburg","DBSA","Senior Credit Analyst","Senior Analyst","Credit Risk","Development Finance","Credit Analysis","Senior Analyst","Senior Credit Analyst at DBSA — source batch lists LinkedIn evidence for Credit Analysis.","https://www.linkedin.com/in/nungo-makhuvha-244a4a13","7","High","Wave 2 passes 7–10 verified profile list | Verification basis: LinkedIn profile"
"CRSA-295","Deon van der Merwe","https://www.linkedin.com/in/deonvan607","Johannesburg","PwC South Africa","Senior Manager: Credit Risk","Senior Manager","Credit Risk","Consulting","Credit Risk","Senior Manager","Senior Manager: Credit Risk at PwC South Africa — source batch lists LinkedIn evidence for Credit Risk.","https://www.linkedin.com/in/deonvan607","9","High","Wave 2 passes 7–10 verified profile list | Verification basis: LinkedIn profile"
"CRSA-296","Tshepang Makhubedu","https://www.linkedin.com/in/tshepang-makhubedu-33a40383","Johannesburg","Woolworths Financial Services","Senior Acquisition Risk Analyst","Senior Analyst","Risk Management","Retail Credit","Acquisition Risk","Senior Analyst","Senior Acquisition Risk Analyst at Woolworths Financial Services — source batch lists LinkedIn evidence for Acquisition Risk.","https://www.linkedin.com/in/tshepang-makhubedu-33a40383","8","High","Wave 2 passes 7–10 verified profile list | Verification basis: LinkedIn profile"
"CRSA-297","Rajal Vaidya","https://www.linkedin.com/in/rajal-vaidya-04269822","Johannesburg","Absa Group","Group Chief Risk Officer","Executive","Credit Risk","Bank","Enterprise / Credit Risk","Executive","Group Chief Risk Officer at Absa Group — source batch lists LinkedIn evidence for Enterprise / Credit Risk.","https://www.linkedin.com/in/rajal-vaidya-04269822","10","High","Wave 2 passes 7–10 verified profile list | Verification basis: LinkedIn profile"
"CRSA-298","Jan Hitge","https://www.linkedin.com/in/jan-hitge-6983633","Johannesburg","Absa Card","Manager: Acquisitions (CRO)","Manager","Credit Risk","Bank","Credit Risk / Acquisitions","Manager","Manager: Acquisitions (CRO) at Absa Card — source batch lists LinkedIn evidence for Credit Risk / Acquisitions.","https://www.linkedin.com/in/jan-hitge-6983633","8","High","Wave 2 passes 7–10 verified profile list | Verification basis: LinkedIn profile"
"CRSA-299","Kholofelo Masilela","https://www.linkedin.com/in/kholofelo-masilela-72800243","Johannesburg","Absa Group","Interim CRO: Absa Regional Operations","Executive","Credit Risk","Bank","Credit Risk","Executive","Interim CRO: Absa Regional Operations at Absa Group — source batch lists LinkedIn evidence for Credit Risk.","https://www.linkedin.com/in/kholofelo-masilela-72800243","9","High","Wave 2 passes 7–10 verified profile list | Verification basis: LinkedIn profile"
"CRSA-300","Mzimasi Mabokwe","https://www.linkedin.com/in/mzimasi-mabokwe-47a79552","Johannesburg","FirstRand Bank Ltd","Credit Risk Manager","Manager","Credit Risk","Bank","Credit Risk Management","Manager","Credit Risk Manager at FirstRand Bank Ltd — source batch lists LinkedIn evidence for Credit Risk Management.","https://www.linkedin.com/in/mzimasi-mabokwe-47a79552","8","High","Wave 2 passes 7–10 verified profile list | Verification basis: LinkedIn profile"
"CRSA-301","Robert Stewart","https://www.linkedin.com/in/robert-stewart-4417b617","Johannesburg","Absa","Credit Risk Manager","Manager","Credit Risk","Bank","Credit Risk Management","Manager","Credit Risk Manager at Absa — source batch lists LinkedIn evidence for Credit Risk Management.","https://www.linkedin.com/in/robert-stewart-4417b617","8","High","Wave 2 passes 7–10 verified profile list | Verification basis: LinkedIn profile"
"CRSA-302","Chris Buchanan","https://www.linkedin.com/in/chris-buchanan-3558772b","South Africa","Absa CIB","Head of Credit: Mid-Corporate","Head","Credit Risk","Bank","Corporate Credit","Head","Head of Credit: Mid-Corporate at Absa CIB — source batch lists LinkedIn evidence for Corporate Credit.","https://www.linkedin.com/in/chris-buchanan-3558772b","9","High","Wave 2 final pass; source status: Confirmed | Verification basis: LinkedIn profile"
"CRSA-303","Wilhelm van der Hoven","https://www.linkedin.com/in/wilhelm-van-der-hoven-6042717","South Africa","TFG","Head: Credit Risk","Head","Credit Risk","Retail Credit","Credit Risk","Head","Head: Credit Risk at TFG — source batch lists LinkedIn evidence for Credit Risk.","https://www.linkedin.com/in/wilhelm-van-der-hoven-6042717","10","High","Wave 2 final pass; source status: Confirmed | Verification basis: LinkedIn profile"
"CRSA-304","Robert Band","https://www.linkedin.com/in/robert-band-929b4378","South Africa","Standard Bank","Executive, Risk | CIB","Executive","Credit Risk","Bank","Wholesale Credit Risk","Executive","Executive, Risk | CIB at Standard Bank — source batch lists LinkedIn evidence for Wholesale Credit Risk.","https://www.linkedin.com/in/robert-band-929b4378","9","High","Wave 2 final pass; source status: Confirmed | Verification basis: LinkedIn + TheOrg"
"CRSA-305","Carel Buitendag","https://www.linkedin.com/in/carel-buitendag-ba68b3143","South Africa","Standard Bank","CRO CIB","Executive","Credit Risk","Bank","Wholesale Credit Risk","Executive","CRO CIB at Standard Bank — source batch lists LinkedIn evidence for Wholesale Credit Risk.","https://www.linkedin.com/in/carel-buitendag-ba68b3143","10","High","Wave 2 final pass; source status: Confirmed | Verification basis: LinkedIn + Standard Bank website"
"CRSA-306","Adv. Eugenia Mwale","https://www.linkedin.com/in/adv-eugenia-mwale-5a218872","South Africa","Former WesBank","CRO Retail (left May 2024, now legal practitioner)","Executive","Credit Risk","Bank / Former","Retail Credit Risk (Former)","Executive","CRO Retail (left May 2024, now legal practitioner) at Former WesBank — source batch lists LinkedIn evidence for Retail Credit Risk (Former).","https://www.linkedin.com/in/adv-eugenia-mwale-5a218872","4","Medium","Wave 2 final pass; source status: Confirmed — Former | Verification basis: LinkedIn profile"
"CRSA-307","Tommy Nel","https://www.linkedin.com/in/tommynel","South Africa","TymeBank","Head of Credit","Head","Credit Risk","Bank","Credit Risk","Head","Head of Credit at TymeBank — source batch lists LinkedIn evidence for Credit Risk.","https://www.linkedin.com/in/tommynel","9","High","Wave 2 final pass; source status: Confirmed | Verification basis: LinkedIn profile"
"CRSA-308","Kenny V.","https://www.linkedin.com/in/kenny-v-45866b3a","South Africa","Pepkor Payments and Lending","Chief Risk Officer","Executive","Credit Risk","Retail Credit","Credit / Enterprise Risk","Executive","Chief Risk Officer at Pepkor Payments and Lending — source batch lists LinkedIn evidence for Credit / Enterprise Risk.","https://www.linkedin.com/in/kenny-v-45866b3a","10","High","Wave 2 final pass; source status: High | Verification basis: LinkedIn profile"
"CRSA-309","Kaldin Govender","https://www.linkedin.com/in/kaldin-govender-8796b3b5","South Africa","Bayport Financial Services","Head of Credit Underwriting","Head","Credit Risk","Retail Credit","Credit Underwriting","Head","Head of Credit Underwriting at Bayport Financial Services — source batch lists LinkedIn evidence for Credit Underwriting.","https://www.linkedin.com/in/kaldin-govender-8796b3b5","9","High","Wave 2 final pass; source status: High | Verification basis: LinkedIn profile"
"CRSA-310","Marek van Wyk, CFA","https://www.linkedin.com/in/marek-van-wyk-cfa-210b4871","South Africa","Bayport Financial Services","Head of Credit","Head","Credit Risk","Retail Credit","Credit Risk","Head","Head of Credit at Bayport Financial Services — source batch lists LinkedIn evidence for Credit Risk.","https://www.linkedin.com/in/marek-van-wyk-cfa-210b4871","9","High","Wave 2 final pass; source status: High | Verification basis: LinkedIn profile"
"CRSA-311","Marc Alexander","https://www.linkedin.com/in/marc-alexander-4a49462","South Africa","Lewis Group","Chief Risk and Information Security Officer","Executive","Credit Risk","Retail Credit","Credit Risk / InfoSec","Executive","Chief Risk and Information Security Officer at Lewis Group — source batch lists LinkedIn evidence for Credit Risk / InfoSec.","https://www.linkedin.com/in/marc-alexander-4a49462","7","Medium","Wave 2 final pass; source status: Medium (confirmed via TheOrg+WSJ) | Verification basis: LinkedIn + TheOrg + WSJ"
"CRSA-312","Christiaan Schultz","https://www.linkedin.com/in/christiaan-schultz-95076211","South Africa","DirectAxis","Head of Risk and Profitability Analytics","Head","Credit Analytics","Retail Credit","Risk Analytics / Credit Scoring","Head","Head of Risk and Profitability Analytics at DirectAxis — source batch lists LinkedIn evidence for Risk Analytics / Credit Scoring.","https://www.linkedin.com/in/christiaan-schultz-95076211","9","High","Wave 2 final pass; source status: High | Verification basis: LinkedIn profile"
"CRSA-313","Michele Guttler","https://www.linkedin.com/in/michele-guttler-a7230722","South Africa","DirectAxis","Marketing and Credit Risk Director","Head","Credit Risk","Retail Credit","Marketing & Credit Risk","Head","Marketing and Credit Risk Director at DirectAxis — source batch lists LinkedIn evidence for Marketing & Credit Risk.","https://www.linkedin.com/in/michele-guttler-a7230722","6","Medium","Wave 2 final pass; source status: High | Verification basis: LinkedIn profile"
"CRSA-314","Alet Griesel","https://www.linkedin.com/in/alet-griesel-6153a554","South Africa","Sanlam Personal Loans / former DirectAxis","Former CRO at DirectAxis; now at Sanlam Personal Loans","Executive","Credit Risk","Retail Credit / Unsecured Lending","Credit Risk / CRO (former DirectAxis)","Executive","Former CRO at DirectAxis; now at Sanlam Personal Loans at Sanlam Personal Loans / former DirectAxis — source batch lists LinkedIn evidence for Credit Risk / CRO (former DirectAxis).","https://www.linkedin.com/in/alet-griesel-6153a554","10","High","Found in company notes: former DirectAxis CRO; now Sanlam Personal Loans. | Verification basis: LinkedIn profile URL supplied in uploaded evidence file."
"SA-CR-009","Farzana Sobat","Search required","Johannesburg, South Africa","Standard Bank","Head, Group Credit Risk (or similar senior role)","Head","Credit Risk Leadership","Bank","Group credit risk management; Basel; IFRS 9","Head","Industry conference speaker. Mentioned in Standard Bank credit risk context.","Industry conference programs; Standard Bank reports","9","Medium","URL needs verification. Senior credit risk leader at largest SA bank."