Person ID,First Name,Surname,Full Name,CA(SA) Confirmed,Qualification Evidence,Current Job Title,Normalized Job Title,Seniority Band,Current Employer,Employer Group,Division / Subsidiary,City,Metro / Region,Province,Country,LinkedIn URL,Primary Industry,Industry Subsector,Grouped Industry,Associated Industry Group 1,Associated Industry Group 2,Associated Industry Group 3,Associated Industry Group 4,Employer Ownership Type,Employer Scale,JSE Listed,Multinational,Finance Environment Tags,Business Model Tags,Audit / Training Firm,Articles,Qualification Year,University,Career Industry Path,Previous Employer 1,Previous Title 1,Previous Industry 1,Previous Employer 2,Previous Title 2,Previous Industry 2,Current Employer Confidence,Profile Confidence,Primary Evidence URL,Secondary Evidence URL,Last Verified Date,Research Notes
acc-0001,Taryn,Woodbridge,Taryn Woodbridge,CONFIRMED,"SAICA: ""Meet the first South African CFO of Mercedes-Benz SA - Taryn Woodbridge CA(SA)"" (1 Oct 2025).",Chief Financial Officer,Chief Financial Officer,S7 — CFO,Mercedes-Benz South Africa Ltd,Mercedes-Benz South Africa Ltd,Unknown,Unknown,Unknown,Unknown,South Africa,Unknown,Automotive,Unknown,Industrial & Manufacturing,Industrial & Manufacturing,Retail & Wholesale,Logistics & Supply Chain,Banking & Lending,Unknown,Unknown,unknown,unknown,Unknown,Unknown,Unknown,Qualified; articles route not established,Unknown,Unknown,Automotive,Unknown,Unknown,Unknown,Unknown,Unknown,Unknown,Unknown,CONFIRMED,https://www.saica.org.za/members/member-info/meet-our-members/,Unknown,2026-09-18,First South African CFO of MBSA (role previously held by expatriates from Germany). Appointed ~2022. Location not stated in source.
acc-0002,Mathabo,Makhaya,Mathabo Makhaya,CONFIRMED,"SAICA: ""Mathabo Makhaya CA(SA), group financial manager at Harmony Gold Mining (health) and chairperson of the Investment Committee Mineworkers Provident Fund (MWPF).""",Group Financial Manager (Health),Group Financial Manager (Health),S4 — Senior Manager / Group,Harmony Gold Mining,Harmony Gold Mining,Unknown,Unknown,Unknown,Unknown,South Africa,Unknown,Mining,Unknown,Mining & Resources,Mining & Resources,Industrial & Manufacturing,Energy & Utilities,Construction & Building Materials,Unknown,Unknown,unknown,unknown,Unknown,Unknown,Unknown,Qualified; articles route not established,Unknown,Unknown,Mining,Mineworkers Provident Fund (MWPF),Chairperson of Investment Committee,Unknown,Unknown,Unknown,Unknown,Unknown,CONFIRMED,https://www.saica.org.za/members/member-info/meet-our-members/,Unknown,2026-09-18,"SAICA Top 35-under-35 overall winner 2022 (aged 32). Also Chairperson of Investment Committee, Mineworkers Provident Fund. Location not explicitly stated (Harmony Gold HQ Randfontein, Gauteng — not asserted as her workplace)."
acc-0003,Mbali,Mabaso,Mbali Precious Mabaso,CONFIRMED,"SAICA: ""Mbali Precious Mabaso CA(SA) ... an audit portfolio manager at Nedbank Group Limited"".",Audit portfolio manager,Audit portfolio manager,Unknown,Nedbank Group Limited,Nedbank Group Limited,Unknown,Unknown,Unknown,Unknown,South Africa,Unknown,Banking,Unknown,Banking & Lending,Banking & Lending,Insurance,Investments & Capital Markets,Fintech & Payments,Unknown,Unknown,unknown,unknown,Unknown,Unknown,Unknown,Qualified; articles route not established,Unknown,Unknown,Banking,Unknown,Unknown,Unknown,Unknown,Unknown,Unknown,Unknown,CONFIRMED,https://www.saica.org.za/members/member-info/meet-our-members/,Unknown,2026-09-18,Also founder of and mentor at Isikhuthazi (programme for CTA students and ITC/APC candidates). Internal vs external audit not established from source.
acc-0004,Marta,Gerbach,Marta Gerbach,CONFIRMED,"SAICA: ""Marta Gerbach, Group CFO of Fourways Airconditioning"" (member feature ""From Portugal, with love - Marta Gerbach CA(SA)"").",Group Chief Financial Officer,Group Chief Financial Officer,S7 — CFO,Fourways Airconditioning,Fourways Airconditioning,Unknown,Unknown,Unknown,Unknown,Portugal,Unknown,Engineering,Unknown,Industrial & Manufacturing,Industrial & Manufacturing,Unknown,Unknown,Unknown,Unknown,Unknown,unknown,unknown,Unknown,Unknown,Unknown,Qualified; articles route not established,Unknown,Unknown,Engineering,Unknown,Unknown,Unknown,Unknown,Unknown,Unknown,Unknown,CONFIRMED,https://www.saica.org.za/members/member-info/meet-our-members/,Unknown,2026-09-18,"SAICA member profile indicates she is based in Porto, Portugal while serving as Group CFO of the SA company Fourways Airconditioning."
acc-0005,Tumi,Mokgoko,Tumi Mokgoko,CONFIRMED,"SAICA: ""Tumi Mokgoko CA(SA)"" — ""From the public sector to the JSE to her current role at KPMG"".",Not stated in index (current role at KPMG),Not stated in index (current role at KPMG),Unknown,KPMG,KPMG,Unknown,Unknown,Unknown,Unknown,South Africa,Unknown,Professional Services,Unknown,Professional Services,Professional Services,Investments & Capital Markets,Banking & Lending,Technology & Software,Unknown,Unknown,unknown,unknown,Unknown,Unknown,Unknown,Qualified; articles route not established,Unknown,Unknown,Professional Services,Unknown,Unknown,Unknown,Unknown,Unknown,Unknown,Unknown,CONFIRMED,https://www.saica.org.za/members/member-info/meet-our-members/,Unknown,2026-09-18,Career span includes public sector and the JSE; current role at KPMG (title not specified in index).
acc-0006,Pumla,Molope,Pumla Molope,CONFIRMED,"SAICA: ""Pumla Molope CA(SA)"" — ""newest president of African Women Chartered Accountants (AWCA)"".",President,President,Unknown,African Women Chartered Accountants (AWCA),African Women Chartered Accountants (AWCA),Unknown,Unknown,Unknown,Unknown,South Africa,Unknown,Non-Profit,Unknown,NGO / Non-Profit,NGO / Non-Profit,Government & Public Sector,Education,Healthcare & Life Sciences,Unknown,Unknown,unknown,unknown,Unknown,Unknown,Unknown,Qualified; articles route not established,Unknown,Unknown,Non-Profit,Unknown,Unknown,Unknown,Unknown,Unknown,Unknown,Unknown,CONFIRMED,https://www.saica.org.za/members/member-info/meet-our-members/,Unknown,2026-09-18,Her mother Nosipho also studied CA(SA) after a science degree.
acc-0007,Patricia,Malahlela,Patricia Malahlela,CONFIRMED,"SAICA: ""Patricia Malahlela CA(SA), a senior accountant at Mckenzie & Associates"".",Senior Accountant,Senior Accountant,S2 — Senior Individual Contributor,Mckenzie & Associates,Mckenzie & Associates,Unknown,Unknown,Unknown,Unknown,South Africa,Unknown,Accounting / Audit,Unknown,Professional Services,Professional Services,Investments & Capital Markets,Banking & Lending,Government & Public Sector,Unknown,Unknown,unknown,unknown,Unknown,Unknown,Unknown,Qualified; articles route not established,Unknown,Unknown,Accounting / Audit,Unknown,Unknown,Unknown,Unknown,Unknown,Unknown,Unknown,CONFIRMED,https://www.saica.org.za/members/member-info/meet-our-members/,Unknown,2026-09-18,"Accounting/audit firm (Mckenzie & Associates). SAICA member feature ""The power of starting over""."
acc-0008,Ciara,Reintjes,Ciara Reintjes,CONFIRMED,"SAICA: ""Ciara Reintjes CA(SA) ... Regional Lead of SAICA for the Northern Region in the Strategic Affairs Division"".",Regional Lead: Northern Region (Strategic Affairs Division),Regional Lead: Northern Region (Strategic Affairs Division),Unknown,SAICA,SAICA,Unknown,Unknown,Unknown,Unknown,South Africa,Unknown,Professional Services,Unknown,Professional Services,Professional Services,Investments & Capital Markets,Banking & Lending,Technology & Software,Unknown,Unknown,unknown,unknown,Unknown,Unknown,"KPMG (Windhoek, Namibia)","SAICA articles at KPMG (Windhoek, Namibia)",Unknown,Unknown,Professional Services,Unknown,Unknown,Unknown,Unknown,Unknown,Unknown,Unknown,CONFIRMED,https://www.saica.org.za/members/member-info/meet-our-members/,Unknown,2026-09-18,"Employer is SAICA (professional body). Northern Region covers Gauteng and neighbouring provinces; city not stated. Articles served at KPMG in Windhoek, Namibia (per SAICA regional-executives page). Previously 12 years at IRBA; 4 years at Alexander Forbes (Retirement Funds); joined SAICA 2019, Johannesburg."
acc-0009,Aneshree,Naidoo,Aneshree Naidoo,CONFIRMED,"SAICA: ""Aneshree Naidoo CA(SA) ... As CFO of Webber Wentzel"".",Chief Financial Officer,Chief Financial Officer,S7 — CFO,Webber Wentzel,Webber Wentzel,Unknown,Unknown,Unknown,Unknown,South Africa,Unknown,Professional Services,Unknown,Professional Services,Professional Services,Investments & Capital Markets,Banking & Lending,Technology & Software,Unknown,Unknown,unknown,unknown,Unknown,Unknown,Unknown,Qualified; articles route not established,Unknown,Unknown,Professional Services,Unknown,Unknown,Unknown,Unknown,Unknown,Unknown,Unknown,CONFIRMED,https://www.saica.org.za/members/member-info/meet-our-members/,Unknown,2026-09-18,Law firm CFO. Childhood memories near sugar-cane fields (KwaZulu-Natal) — not asserted as current location.
acc-0010,Romy,Maree,Romy Maree,CONFIRMED,"SAICA: ""Romy Maree CA(SA), Group Head of Finance at Burstone Real Estate partners"".",Group Head of Finance,Group Head of Finance,S5 — Head,Burstone (Real Estate partners),Burstone (Real Estate partners),Unknown,Unknown,Unknown,Unknown,South Africa,Unknown,Property,Unknown,Property & Real Estate,Property & Real Estate,Construction & Building Materials,Investments & Capital Markets,Banking & Lending,Unknown,Unknown,unknown,unknown,Unknown,Unknown,Unknown,Qualified; articles route not established,Unknown,Unknown,Property,Dipula Income Fund,Finance Executive,Property,Unknown,Unknown,Unknown,CONFIRMED,CONFIRMED,https://www.saica.org.za/initiatives/awards-and-competitions/top-35-under-35-awards/2024-2/2024-top-35-under-35-finalists/,https://sareit.co.za/about-2/,2026-10-01,"Enriched: SAICA Top 35 Under 35 2024 finalist (listed as ""Romy Maree (34), Finance Executive - Dipula Income Fund, Treasurer - SA REIT Association"") and an SA REIT Association role. The current Burstone Group Head of Finance role is from the earlier SAICA member feature. Both records are treated as the same individual on the combination of a distinctive name, a continuous listed-property finance career and a matching age band; identity flagged PROBABLE in the master export notes."
acc-0011,Mpolaheng,Mohlopi,Mpolaheng Mohlopi,CONFIRMED,"SAICA: ""Mpolaheng Mohlopi CA(SA), CFO of Lanseria International Airport"".",Chief Financial Officer,Chief Financial Officer,S7 — CFO,Lanseria International Airport,Lanseria International Airport,Unknown,Lanseria,Unknown,Gauteng,South Africa,Unknown,Aviation,Unknown,Logistics & Supply Chain,Logistics & Supply Chain,Unknown,Unknown,Unknown,Unknown,Unknown,unknown,unknown,Unknown,Unknown,Unknown,Qualified; articles route not established,Unknown,Unknown,Aviation,Unknown,Unknown,Unknown,Unknown,Unknown,Unknown,Unknown,CONFIRMED,https://www.saica.org.za/members/member-info/meet-our-members/,Unknown,2026-09-18,"Led the airport's financial response to Covid-19; ~5 years into recovery at time of profile (2025). Employer location Lanseria, Gauteng."
acc-0012,Patricia,Stock,Patricia Stock,CONFIRMED,"SAICA: ""Patricia Stock CA(SA) — SAICA’s first female CEO"".",Chief Executive Officer,Chief Executive Officer,S8 — Broader Executive,SAICA,SAICA,Unknown,Unknown,Unknown,Unknown,South Africa,Unknown,Professional Services,Unknown,Professional Services,Professional Services,Investments & Capital Markets,Banking & Lending,Technology & Software,Unknown,Unknown,unknown,unknown,Unknown,Unknown,Unknown,Qualified; articles route not established,Unknown,Unknown,Professional Services,Unknown,Unknown,Unknown,Unknown,Unknown,Unknown,Unknown,CONFIRMED,https://www.saica.org.za/members/member-info/meet-our-members/,Unknown,2026-09-18,First female CEO of SAICA.
acc-0013,Nonkululeko,Gobodo,Nonkululeko Gobodo,CONFIRMED,"SAICA: ""Nonkululeko Gobodo CA(SA) is an advocate for racial inclusion and gender equality"".",Not stated in index (founder / public figure),Not stated in index (founder / public figure),Unknown,Unknown,Unknown,Unknown,Unknown,Unknown,Unknown,South Africa,Unknown,Accounting / Audit,Unknown,Professional Services,Professional Services,Investments & Capital Markets,Banking & Lending,Government & Public Sector,Unknown,Unknown,unknown,unknown,Unknown,Unknown,Unknown,Qualified; articles route not established,Unknown,Unknown,Accounting / Audit,Unknown,Unknown,Unknown,Unknown,Unknown,Unknown,Unknown,CONFIRMED,https://www.saica.org.za/members/member-info/meet-our-members/,Unknown,2026-09-18,Historically founder of auditing firm Gobodo Incorporated (first black female CA(SA) in SA); current employer/title not stated in the index snippet. Current employer recorded as null.
acc-0014,Buhle,Nomabunga,Buhle Hanise Nomabunga,CONFIRMED,"SAICA: ""Buhle Hanise Nomabunga CA(SA), BAIC CFO"".",Chief Financial Officer,Chief Financial Officer,S7 — CFO,BAIC (South Africa),BAIC (South Africa),Unknown,Unknown,Unknown,Unknown,South Africa,Unknown,Automotive,Unknown,Industrial & Manufacturing,Industrial & Manufacturing,Retail & Wholesale,Logistics & Supply Chain,Banking & Lending,Unknown,Unknown,unknown,unknown,Unknown,Unknown,Unknown,Qualified; articles route not established,Unknown,Unknown,Automotive,Unknown,Unknown,Unknown,Unknown,Unknown,Unknown,Unknown,CONFIRMED,https://www.saica.org.za/members/member-info/meet-our-members/,Unknown,2026-09-18,President of African Women Chartered Accountants (AWCA) at time of profile (2022). BAIC CFO.
acc-0015,Zanele,Maduna,Zanele Maduna,CONFIRMED,"SAICA: ""Zanele Maduna CA(SA)"".",Not stated in index,Not stated in index,Unknown,Unknown,Unknown,Unknown,Unknown,Unknown,Unknown,South Africa,Unknown,Non-Profit,Unknown,NGO / Non-Profit,NGO / Non-Profit,Government & Public Sector,Education,Healthcare & Life Sciences,Unknown,Unknown,unknown,unknown,Unknown,Unknown,Unknown,Qualified; articles route not established,Unknown,Unknown,Non-Profit,Unknown,Unknown,Unknown,Unknown,Unknown,Unknown,Unknown,CONFIRMED,https://www.saica.org.za/members/member-info/meet-our-members/,Unknown,2026-09-18,Profile focuses on B2B social enterprises / purpose-driven business. Beneficiary of SAICA Thuthuka programme. Employer/title not stated in index.
acc-0016,Zahid,Fakey,Zahid Fakey,CONFIRMED,"SAICA: ""Zahid and Zahida Fakey, are both CAs(SA)"".",Not stated in index,Not stated in index,Unknown,Unknown,Unknown,Unknown,Unknown,Unknown,Unknown,South Africa,Unknown,Non-Profit,Unknown,NGO / Non-Profit,NGO / Non-Profit,Government & Public Sector,Education,Healthcare & Life Sciences,Unknown,Unknown,unknown,unknown,Unknown,Unknown,Unknown,Qualified; articles route not established,Unknown,Unknown,Non-Profit,Unknown,Unknown,Unknown,Unknown,Unknown,Unknown,Unknown,CONFIRMED,https://www.saica.org.za/members/member-info/meet-our-members/,Unknown,2026-09-18,Coupled profile (#weFEEDsa food-security initiative); specific employer/title not given for each individual.
acc-0017,Zahida,Fakey,Zahida Fakey,CONFIRMED,"SAICA: ""Zahid and Zahida Fakey, are both CAs(SA)"".",Not stated in index,Not stated in index,Unknown,Unknown,Unknown,Unknown,Unknown,Unknown,Unknown,South Africa,Unknown,Non-Profit,Unknown,NGO / Non-Profit,NGO / Non-Profit,Government & Public Sector,Education,Healthcare & Life Sciences,Unknown,Unknown,unknown,unknown,Unknown,Unknown,Unknown,Qualified; articles route not established,Unknown,Unknown,Non-Profit,Unknown,Unknown,Unknown,Unknown,Unknown,Unknown,Unknown,CONFIRMED,https://www.saica.org.za/members/member-info/meet-our-members/,Unknown,2026-09-18,Coupled profile (#weFEEDsa food-security initiative).
acc-0018,Esther,Pieterse,Esther Pieterse,CONFIRMED,"SAICA: ""Esther Pieterse CA(SA)"" — ""At the sharp end of technical accounting"".",Not stated in index (technical accounting),Not stated in index (technical accounting),Unknown,Unknown,Unknown,Unknown,Unknown,Unknown,Unknown,South Africa,Unknown,Unknown,Unknown,Unknown,Unknown,Unknown,Unknown,Unknown,Unknown,Unknown,unknown,unknown,Unknown,Unknown,Unknown,Qualified; articles route not established,Unknown,Unknown,Unknown,Unknown,Unknown,Unknown,Unknown,Unknown,Unknown,Unknown,CONFIRMED,https://www.saica.org.za/members/member-info/meet-our-members/,Unknown,2026-09-18,Technical-accounting specialist profile. Employer/title not stated in index snippet.
acc-0019,Cecelia,Swartz,Cecelia Swartz,CONFIRMED,"SAICA: ""Cecelia Swartz CA(SA)"".",Not stated in index,Not stated in index,Unknown,Unknown,Unknown,Unknown,Unknown,Unknown,Unknown,South Africa,Unknown,Unknown,Unknown,Unknown,Unknown,Unknown,Unknown,Unknown,Unknown,Unknown,unknown,unknown,Unknown,Unknown,Unknown,Qualified; articles route not established,Unknown,Unknown,Unknown,Unknown,Unknown,Unknown,Unknown,Unknown,Unknown,Unknown,CONFIRMED,https://www.saica.org.za/members/member-info/meet-our-members/,Unknown,2026-09-18,Profile concerns a handbag/exec-creator venture; accounting employer/title not stated.
acc-0020,Anisah,Patel,Anisah Patel,CONFIRMED,"SAICA: ""Anisah Patel, 44-year-old CA(SA) ... owner of her own practice in Vereeniging that offers accounting, taxation and advisory services.""",Owner (practice in Vereeniging),Owner (practice in Vereeniging),Unknown,Own practice (Vereeniging),Own practice (Vereeniging),Unknown,Vereeniging,Unknown,Gauteng,South Africa,Unknown,Accounting / Audit,Unknown,Professional Services,Professional Services,Investments & Capital Markets,Banking & Lending,Government & Public Sector,Unknown,Unknown,unknown,unknown,Unknown,Unknown,Unknown,Qualified; articles route not established,Unknown,Unknown,Accounting / Audit,Unknown,Unknown,Unknown,Unknown,Unknown,Unknown,Unknown,CONFIRMED,https://www.saica.org.za/members/member-info/meet-our-members/,Unknown,2026-09-18,"Started CA(SA) journey at age 29. Practice located Vereeniging, Gauteng."
acc-0021,Enrico,Kleinbooi,Enrico Kleinbooi,CONFIRMED,"SAICA: ""chartered accountant (CA(SA)) Enrico Kleinbooi"" — head of internal audit, Kannaland Municipality, Ladismith.",Head of Internal Audit,Head of Internal Audit,Unknown,Kannaland Municipality,Kannaland Municipality,Unknown,Ladismith,Unknown,Western Cape,South Africa,Unknown,Government,Unknown,Government & Public Sector,Government & Public Sector,Professional Services,Construction & Building Materials,Energy & Utilities,Unknown,Unknown,unknown,unknown,Unknown,Unknown,Unknown,Qualified; articles route not established,Unknown,Unknown,Government,Unknown,Unknown,Unknown,Unknown,Unknown,Unknown,Unknown,CONFIRMED,https://www.saica.org.za/members/member-info/meet-our-members/,Unknown,2026-09-18,"Thuthuka Bursary beneficiary. Kannaland Municipality is in Ladismith, Western Cape."
acc-0022,Grant,Greeff,Grant Greeff,CONFIRMED,"SAICA: ""Grant Greeff (30), currently the CFO of Drone Ops Group ... unusual CA(SA) story"".",Chief Financial Officer,Chief Financial Officer,S7 — CFO,Drone Ops Group,Drone Ops Group,Unknown,Unknown,Unknown,Unknown,South Africa,Unknown,Technology,Unknown,Technology & Software,Technology & Software,Fintech & Payments,Telecommunications,Professional Services,Unknown,Unknown,unknown,unknown,Unknown,Unknown,Unknown,Qualified; articles route not established,Unknown,Unknown,Technology,Unknown,Unknown,Unknown,Unknown,Unknown,Unknown,Unknown,CONFIRMED,https://www.saica.org.za/members/member-info/meet-our-members/,Unknown,2026-09-18,Aged 30 at time of profile (2021). Drones/technology sector.
acc-0023,Mpho,Makoko-Hottie,Mpho Makoko-Hottie,CONFIRMED,"SAICA: ""Mpho Makoko-Hottie is a successful CA(SA) thriving in her role as a B-BBEE business analyst.""",B-BBEE business analyst,B-BBEE business analyst,Unknown,Unknown,Unknown,Unknown,Unknown,Unknown,Unknown,South Africa,Unknown,Professional Services,Unknown,Professional Services,Professional Services,Investments & Capital Markets,Banking & Lending,Technology & Software,Unknown,Unknown,unknown,unknown,Unknown,Unknown,Unknown,Qualified; articles route not established,Unknown,Unknown,Professional Services,Unknown,Unknown,Unknown,Unknown,Unknown,Unknown,Unknown,CONFIRMED,https://www.saica.org.za/members/member-info/meet-our-members/,Unknown,2026-09-18,Employer not named in index snippet.
acc-0024,Lynette,Badenhorst,Lynette Badenhorst,CONFIRMED,"SAICA: ""A CA(SA) entrepreneur ... Lynette Badenhorst ... currently managing director of Probeta Training (Pty) Ltd"".",Managing Director,Managing Director,S8 — Broader Executive,Probeta Training (Pty) Ltd,Probeta Training (Pty) Ltd,Unknown,Unknown,Unknown,Unknown,South Africa,Unknown,Education,Unknown,Education,Education,Professional Services,Government & Public Sector,Technology & Software,Unknown,Unknown,unknown,unknown,Unknown,Unknown,Unknown,Qualified; articles route not established,Unknown,Unknown,Education,Akhanani Online Training Solutions,Founder,Unknown,Unknown,Unknown,Unknown,Unknown,CONFIRMED,https://www.saica.org.za/members/member-info/meet-our-members/,Unknown,2026-09-18,Born 1967. Also the brain behind online learning platform Akhanani Online Training Solutions.
acc-0025,Phumelela,Mbande,Phumelela Mbande,CONFIRMED,"SAICA: ""Phumelela Mbande CA(SA), goalkeeper and captain of the South African women’s hockey team"".",Not stated in index,Not stated in index,Unknown,Unknown,Unknown,Unknown,Unknown,Unknown,Unknown,South Africa,Unknown,Unknown,Unknown,Unknown,Unknown,Unknown,Unknown,Unknown,Unknown,Unknown,unknown,unknown,Unknown,Unknown,Unknown,Qualified; articles route not established,Unknown,Unknown,Unknown,Unknown,Unknown,Unknown,Unknown,Unknown,Unknown,Unknown,CONFIRMED,https://www.saica.org.za/members/member-info/meet-our-members/,Unknown,2026-09-18,SA women's field-hockey goalkeeper/captain; competed at Tokyo 2020 Olympics. Employer not stated in index.
acc-0042,Taryn,Raju,Taryn Raju,CONFIRMED,"thefinancestory.com (personal account): ""Taryn is a qualified Chartered Accountant from SAICA"".","Not stated (works at ""a very well-known organization"")","Not stated (works at ""a very well-known organization"")",Unknown,Unknown,Unknown,Unknown,Unknown,Unknown,Unknown,South Africa,Unknown,Unknown,Unknown,Unknown,Unknown,Unknown,Unknown,Unknown,Unknown,Unknown,unknown,unknown,Unknown,Unknown,Grant Thornton,SAICA articles at Grant Thornton (≈2009–2013 (5-year part-time contract; signed-off after 4 years)),Unknown,Bachelor of Accounting — University of Fort Hare,Unknown,Grant Thornton,Trainee accountant (articles) → retained as Audit Supervisor,Unknown,Unknown,Unknown,Unknown,Unknown,CONFIRMED,https://thefinancestory.com/success-journey-becoming-ca-saica,Unknown,2026-09-18,"Explicit articles: ""I could get my 4 years of articles signed off"" and ""I had completed my articles"" while retained as Audit Supervisor at Grant Thornton. Studied part-time (articles ran 5 years on paper; signed off after 4). Current employer not named beyond ""a very well-known organization""."
acc-0043,Sandi,De Souza,Sandi De Souza,CONFIRMED,"SAP.com (Africa leadership): ""Sandi is a Chartered Accountant CA(SA) and an MBA graduate of Henley Business School"".",Chief Financial Officer,Chief Financial Officer,S7 — CFO,SAP Africa,SAP Africa,Unknown,Unknown,Unknown,Unknown,South Africa,Unknown,Technology,Unknown,Technology & Software,Technology & Software,Fintech & Payments,Telecommunications,Professional Services,Unknown,Unknown,unknown,unknown,Unknown,Unknown,Deloitte,SAICA articles at Deloitte,Unknown,Unknown,Technology,SAP,May 2005: Finance team → Head of License Management → Commercial Director Africa → CFO (May 2022),Unknown,Deloitte,Articles,Unknown,Unknown,CONFIRMED,https://www.sap.com/africa/about/management-team.html,Unknown,2026-09-18,"Explicit: ""Sandi completed her articles at Deloitte before joining SAP."" SAP is her employer (software vendor) — recorded as employer_systems_observed, not claimed personal hands-on SAP module usage beyond her SAP leadership roles."
acc-0044,Illana,Helman,Illana Helman,CONFIRMED,"LinkedIn: ""Illana Helman CA(SA), Senior Finance Business Partner - Group Information Technology, Massmart"" — ""Qualified CA(SA) ... with 14 years commercial and 5 years audit experience"".",Senior Finance Business Partner - Group Information Technology,Senior Finance Business Partner - Group Information Technology,S2 — Senior Individual Contributor,Massmart,Massmart,Unknown,Johannesburg,City of Johannesburg Metro,Gauteng,South Africa,https://www.linkedin.com/in/illana-helman-ca-sa-1279b117/,Retail,Unknown,Retail & Wholesale,Retail & Wholesale,Consumer & FMCG,Logistics & Supply Chain,Property & Real Estate,Unknown,Unknown,unknown,unknown,Unknown,Unknown,Unknown,Qualified; articles route not established,Unknown,Unknown,Retail,One of the largest consumer goods businesses in Africa,Commercial finance,Unknown,Audit (firm not named),Audit,Unknown,Unknown,CONFIRMED,https://www.linkedin.com/in/illana-helman-ca-sa-1279b117/,Unknown,2026-09-18,"SAP evidence is person-level: LinkedIn describes managing backoffice/POS interfaces into SAP ERP and SAP-posted sales. Retail, banking, financial services, card acquiring background."
acc-0045,Polani,Sokombela,Polani Sokombela,CONFIRMED,"Accountancy SA: ""A seasoned CA(SA), he ... started his career as a trainee accountant at the organisation in 2007"".",Chief Financial Officer,Chief Financial Officer,S7 — CFO,Auditor-General of South Africa (AGSA),Auditor-General of South Africa (AGSA),Unknown,Unknown,Unknown,Unknown,South Africa,Unknown,Government,Unknown,Government & Public Sector,Government & Public Sector,Professional Services,Construction & Building Materials,Energy & Utilities,Unknown,Unknown,unknown,unknown,Unknown,Unknown,Auditor-General of South Africa (AGSA),SAICA articles at Auditor-General of South Africa (AGSA) (from 2007),Unknown,Unknown,Government,Auditor-General of South Africa,Trainee accountant (2007) → CFO (March 2022),Unknown,Unknown,Unknown,Unknown,Unknown,CONFIRMED,https://www.accountancysa.org.za/profile-public-sector-polani-sokombela/,Unknown,2026-09-18,"Grew up in Tsolo, Eastern Cape (origin, not current location). Source states ""trainee accountant"" at AGSA (a registered SAICA training office) — recorded as SAICA training contract; the word ""articles"" is not used verbatim."
acc-0046,Kerry,Cassel,Kerry Cassel,CONFIRMED,"Accountancy SA: ""Kerry Cassel CA(SA), CEO of Motus Mobility Solutions, a leading multinational automotive group"".",Chief Executive Officer,Chief Executive Officer,S8 — Broader Executive,Motus Mobility Solutions,Motus Mobility Solutions,Unknown,Unknown,Unknown,Unknown,South Africa,Unknown,Automotive,Unknown,Industrial & Manufacturing,Industrial & Manufacturing,Retail & Wholesale,Logistics & Supply Chain,Banking & Lending,Unknown,Unknown,unknown,unknown,Unknown,Unknown,Unknown,Qualified; articles route not established,Unknown,Unknown,Automotive,Unknown,Unknown,Unknown,Unknown,Unknown,Unknown,Unknown,CONFIRMED,https://www.accountancysa.org.za/profile-women-in-motoring-it-is-not-a-mans-world-after-all/,Unknown,2026-09-18,CEO of Motus automotive group; accounting was a favourite school subject.
acc-0047,Jody,Baumgarten,Jody Baumgarten,PROBABLE,"Accountancy SA ""CA(SA) Profiles"": ""Jody Baumgarten, CFO of Wonga ... completed his articles with PwC and worked for Dubai World Holdings until ... join[ing] Wonga ... in 2011"".",Chief Financial Officer,Chief Financial Officer,S7 — CFO,Wonga (South Africa),Wonga (South Africa),Unknown,Unknown,Unknown,Unknown,South Africa,Unknown,Fintech,Unknown,Fintech & Payments,Fintech & Payments,Unknown,Unknown,Unknown,Unknown,Unknown,unknown,unknown,Unknown,Unknown,PwC,SAICA articles at PwC,Unknown,Unknown,Fintech,Wonga South Africa,CFO (co-owner from 2019),Unknown,Dubai World Holdings,Not stated,Unknown,Unknown,HIGH,https://www.accountancysa.org.za/profile-jody-baumgarten/,Unknown,2026-09-18,Explicit PwC articles. In 2019 bought Wonga South Africa with two colleagues.
acc-0048,Masechaba,Sesing,Masechaba Sesing,CONFIRMED,"Accountancy SA: ""Masechaba Sesing CA(SA) was recently appointed Head Of Department at the Free State Provincial Treasury"".",Head of Department,Head of Department,Unknown,Free State Provincial Treasury,Free State Provincial Treasury,Unknown,Bloemfontein,Mangaung Metro,Free State,South Africa,Unknown,Government,Unknown,Government & Public Sector,Government & Public Sector,Professional Services,Construction & Building Materials,Energy & Utilities,Unknown,Unknown,unknown,unknown,Unknown,Unknown,Unknown,Qualified; articles route not established,Unknown,Unknown,Government,Unknown,Unknown,Unknown,Unknown,Unknown,Unknown,Unknown,CONFIRMED,https://www.accountancysa.org.za/profile-masechaba-sesing-doing-her-best-to-enhance-strong-ethics-and-morals/,Unknown,2026-09-18,Free State Provincial Treasury is based in Bloemfontein. Public-sector provincial treasury.
acc-0049,Zinhle,Simamane,Zinhle Simamane,CONFIRMED,"SAICA 2024 Top 35 Under 35 finalists: ""Zinhle Simamane (35), Chief Financial Officer: International Business - Traxtion"". The competition recognises young CAs(SA) achievers; every finalist is a CA(SA). Earlier evidence: Accountancy SA CA(SA) profile.",Chief Financial Officer – International Business,Chief Financial Officer – International Business,S7 — CFO,Traxtion,Traxtion,Unknown,Unknown,Unknown,Unknown,South Africa,Unknown,Logistics,Unknown,Logistics & Supply Chain,Logistics & Supply Chain,Retail & Wholesale,Consumer & FMCG,Industrial & Manufacturing,Unknown,Unknown,unknown,unknown,Unknown,Unknown,Unknown,Qualified; articles route not established,Unknown,Unknown,Logistics,Unknown,Unknown,Unknown,Unknown,Unknown,Unknown,CONFIRMED,CONFIRMED,https://www.saica.org.za/initiatives/awards-and-competitions/top-35-under-35-awards/2024-2/2024-top-35-under-35-finalists/,Unknown,2026-10-01,"Enriched: role confirmed as ""Chief Financial Officer: International Business - Traxtion"" on SAICA's own 2024 Top 35 Under 35 finalist list, corroborating the Accountancy SA CA(SA) profile already on record."
acc-0050,Zine,Mshengu,Zine Mshengu,CONFIRMED,"Accountancy SA: ""When Zine Mshengu CA(SA) completed her articles ... opted for the regulatory space, which required further specialisation"".",Not stated in snippet (regulatory),Not stated in snippet (regulatory),Unknown,Unknown,Unknown,Unknown,Unknown,Unknown,Unknown,South Africa,Unknown,Government,Unknown,Government & Public Sector,Government & Public Sector,Professional Services,Construction & Building Materials,Energy & Utilities,Unknown,Unknown,unknown,unknown,Unknown,Unknown,Unknown,Qualified; articles route not established,Unknown,Unknown,Government,Unknown,Unknown,Unknown,Unknown,Unknown,Unknown,Unknown,CONFIRMED,https://www.accountancysa.org.za/profile-zine-mshengu-taking-the-technical-route-less-travelled/,Unknown,2026-09-18,Articles route referenced (firm not named in snippet). Works in regulatory space; employer not named in snippet.
acc-0051,Bonga,Mokoena,Bonga Mokoena,CONFIRMED,"BDO ""our people"" page qualifications: ""CA(SA) (Chartered Accountant South Africa)""; BCom Wits; Hons BCompt/CTA UNISA; MBL Unisa SBL; LLB UNISA. Appointed CEO May 2022 (first Black CEO of BDO SA).",Chief Executive Officer,Chief Executive Officer,S8 — Broader Executive,BDO South Africa,BDO South Africa,Unknown,Johannesburg,City of Johannesburg Metro,Gauteng,South Africa,Unknown,Accounting / Audit,"Audit, tax & advisory network",Professional Services,Professional Services,Investments & Capital Markets,Banking & Lending,Government & Public Sector,Unknown,Unknown,unknown,unknown,Unknown,Unknown,Unknown,Qualified; articles route not established,Unknown,BCom — University of the Witwatersrand,Accounting / Audit,Old Mutual (Corporate Division),Industry leader / senior roles,Unknown,Metrorail / Transnet,Internal auditor,Unknown,Unknown,CONFIRMED,https://www.bdo.co.za/en-za/our-people/bonga-mokoena,Unknown,2026-09-18,Merged duplicate record. Deputy Chair of SAICA Senior Partners' Forum; non-executive member of SAICA National Council; BLSA board member. Session-1 provenance: Accountancy SA CA(SA) profile.
acc-0052,Bianca,Roos,Bianca Roos,CONFIRMED,"Accountancy SA: ""After the gruelling discipline of qualifying as a CA(SA) ... she is a proud partner at PKF Octagon"".",Partner,Partner,Unknown,PKF Octagon,PKF Octagon,Unknown,Unknown,Unknown,Unknown,South Africa,Unknown,Accounting / Audit,Unknown,Professional Services,Professional Services,Investments & Capital Markets,Banking & Lending,Government & Public Sector,Unknown,Unknown,unknown,unknown,Unknown,Unknown,Unknown,Qualified; articles route not established,Unknown,Unknown,Accounting / Audit,Unknown,Unknown,Unknown,Unknown,Unknown,Unknown,Unknown,CONFIRMED,https://www.accountancysa.org.za/profile-bianca-roos-determined-to-live-her-best-life/,Unknown,2026-09-18,Help-establish-a-firm route: joined/helped establish PKF Octagon.
acc-0053,Darren,Isaacs,Darren Isaacs,CONFIRMED,"Accountancy SA: ""Makosi founder and CEO Darren Isaacs CA(SA) and his team are on a mission to change the way accounting firms work.""",Founder & CEO,Founder & CEO,S8 — Broader Executive,Makosi,Makosi,Unknown,Unknown,Unknown,Unknown,South Africa,Unknown,Professional Services,Unknown,Professional Services,Professional Services,Investments & Capital Markets,Banking & Lending,Technology & Software,Unknown,Unknown,unknown,unknown,Unknown,Unknown,Unknown,Qualified; articles route not established,Unknown,Unknown,Professional Services,Unknown,Unknown,Unknown,Unknown,Unknown,Unknown,Unknown,CONFIRMED,https://www.accountancysa.org.za/profile-darren-isaacs-makosi-disrupting-the-industry-to-change-the-world/,Unknown,2026-09-18,"Makosi provides resourcing to accounting firms; SA origin, US/UK operations from 2005."
acc-0054,Koko,Khumalo,Koko Khumalo,CONFIRMED,"Accountancy SA: ""Koko Khumalo is the CEO and founding partner of Motlanalo Chartered Accountants and Auditors Incorporated (Motlanalo Inc), a majority African Black women-owned South African audit, accounting and professional services firm.""",CEO & Founding Partner,CEO & Founding Partner,S8 — Broader Executive,Motlanalo Chartered Accountants and Auditors Inc,Motlanalo Chartered Accountants and Auditors Inc,Unknown,Unknown,Unknown,Unknown,South Africa,Unknown,Accounting / Audit,Unknown,Professional Services,Professional Services,Investments & Capital Markets,Banking & Lending,Government & Public Sector,Unknown,Unknown,unknown,unknown,Unknown,Unknown,Unknown,Qualified; articles route not established,Unknown,Unknown,Accounting / Audit,Unknown,Unknown,Unknown,Unknown,Unknown,Unknown,Unknown,CONFIRMED,https://www.accountancysa.org.za/profile-koko-khumalo-paving-the-way-to-new-heights/,Unknown,2026-09-18,Black-women-owned audit firm (Motlanalo Inc).
acc-0055,Vukosi,Fungeni,Vukosi Fungeni,CONFIRMED,"Accountancy SA: ""Vukosi Fungeni typifies the diverse career opportunities available to CAs(SA). Having grown up in Malamulele, a small Limpopo town...""",Not stated in snippet,Not stated in snippet,Unknown,Unknown,Unknown,Unknown,Unknown,Unknown,Unknown,South Africa,Unknown,Technology,Unknown,Technology & Software,Technology & Software,Fintech & Payments,Telecommunications,Professional Services,Unknown,Unknown,unknown,unknown,Unknown,Unknown,Unknown,Qualified; articles route not established,Unknown,Unknown,Technology,Unknown,Unknown,Unknown,Unknown,Unknown,Unknown,Unknown,CONFIRMED,https://www.accountancysa.org.za/profile-vukosi-fungeni-using-connected-data-analytics-to-drive-stakeholder-value/,Unknown,2026-09-18,"Grew up in Malamulele, Limpopo (origin). Profile title: connected data analytics to drive stakeholder value."
acc-0056,Mabatho,Sedikela,Mabatho Sedikela,PROBABLE,"Accountancy SA ""CA(SA) Profiles"" page: ""Mabatho Sedikela is one of those people who work in the public sector as an act of patriotism. She grew up in a large family in Limpopo...""",Public-sector leader (AGSA),Public-sector leader (AGSA),Unknown,Auditor-General of South Africa (AGSA),Auditor-General of South Africa (AGSA),Unknown,Unknown,Unknown,Unknown,South Africa,Unknown,Government,Unknown,Government & Public Sector,Government & Public Sector,Professional Services,Construction & Building Materials,Energy & Utilities,Unknown,Unknown,unknown,unknown,Unknown,Unknown,Unknown,Qualified; articles route not established,Unknown,Unknown,Government,Unknown,Unknown,Unknown,Unknown,Unknown,Unknown,Unknown,HIGH,https://www.accountancysa.org.za/profile-mabatho-sedikela-a-transformational-public-sector-leader/,Unknown,2026-09-18,AGSA association per profile imagery (AGSA-00048.jpg). Limpopo origin. Designation not literal in snippet — HIGH.
acc-0057,Rachelle,Best,Rachelle Best,CONFIRMED,"Accountancy SA: ""As a business consultant, Rachelle Best CA(SA) was used to solving complex problems ... launched the app FYI play.""",Founder (FYI play app),Founder (FYI play app),Unknown,Unknown,Unknown,Unknown,Unknown,Unknown,Unknown,South Africa,Unknown,Technology,Unknown,Technology & Software,Technology & Software,Fintech & Payments,Telecommunications,Professional Services,Unknown,Unknown,unknown,unknown,Unknown,Unknown,Unknown,Qualified; articles route not established,Unknown,Unknown,Technology,Unknown,Unknown,Unknown,Unknown,Unknown,Unknown,Unknown,CONFIRMED,https://www.accountancysa.org.za/profile-rachelle-best-when-purpose-and-love-collide-great-things-happen/,Unknown,2026-09-18,Former business consultant; founder of FYI play app.
acc-0058,Katlego,Matshego,Katlego Matshego,PROBABLE,"Accountancy SA ""CA(SA) Profiles"": ""Deputy Head of the School of Finance and Accounting at the Independent Institute of Education (IIE), Varsity College and MSA"".","Deputy Head, School of Finance and Accounting","Deputy Head, School of Finance and Accounting",Unknown,Independent Institute of Education (IIE) Varsity College / MSA,Independent Institute of Education (IIE) Varsity College / MSA,Unknown,Unknown,Unknown,Unknown,South Africa,Unknown,Education,Unknown,Education,Education,Professional Services,Government & Public Sector,Technology & Software,Unknown,Unknown,unknown,unknown,Unknown,Unknown,Unknown,Qualified; articles route not established,Unknown,Unknown,Education,Unknown,Unknown,Unknown,Unknown,Unknown,Unknown,Unknown,HIGH,https://www.accountancysa.org.za/profile-katlego-matshego-pursuing-a-passion-for-teaching/,Unknown,2026-09-18,Education role. Designation not literal in snippet — HIGH.
acc-0059,Naledi,Liphapang,Naledi Liphapang,PROBABLE,"Accountancy SA ""CA(SA) Profiles"": ""Naledi Liphapang – Unlocking the value of digitalisation in the public sector"".",Not stated in snippet,Not stated in snippet,Unknown,Unknown,Unknown,Unknown,Unknown,Unknown,Unknown,South Africa,Unknown,Government,Unknown,Government & Public Sector,Government & Public Sector,Professional Services,Construction & Building Materials,Energy & Utilities,Unknown,Unknown,unknown,unknown,Unknown,Unknown,Unknown,Qualified; articles route not established,Unknown,Unknown,Government,Unknown,Unknown,Unknown,Unknown,Unknown,Unknown,Unknown,HIGH,https://www.accountancysa.org.za/profile-naledi-liphapang-unlocking-the-value-of-digitalisation-in-the-public-sector/,Unknown,2026-09-18,Public-sector digitalisation advocate. SAICA-affiliated imagery (SAICA-2.jpg). Designation not literal in snippet — HIGH.
acc-0060,Thenashree,Naidoo,Thenashree Naidoo,PROBABLE,"Accountancy SA ""CA(SA) Profiles"": ""Two female CAs(SA) navigate Durban ICC to impressive financial recovery.""",Finance leader (Durban ICC),Finance leader (Durban ICC),Unknown,Durban ICC,Durban ICC,Unknown,Durban,eThekwini Metro,KwaZulu-Natal,South Africa,Unknown,Hospitality,Unknown,"Hospitality, Leisure & Tourism","Hospitality, Leisure & Tourism",Retail & Wholesale,Consumer & FMCG,Property & Real Estate,Unknown,Unknown,unknown,unknown,Unknown,Unknown,Unknown,Qualified; articles route not established,Unknown,Unknown,Hospitality,Unknown,Unknown,Unknown,Unknown,Unknown,Unknown,Unknown,HIGH,https://www.accountancysa.org.za/profile-dynamic-duo/,Unknown,2026-09-18,Durban International Convention Centre financial recovery. Second CA(SA) name not captured from snippet — follow-up needed.
acc-0061,Siphesihle,Mlangeni,Siphesihle Mlangeni,CONFIRMED,"Accountancy SA: ""Newlyweds Jabulile Nyathi CA(SA) and Siphesihle Mlangeni CA(SA) show that in...""",Not stated in snippet,Not stated in snippet,Unknown,Unknown,Unknown,Unknown,Unknown,Unknown,Unknown,South Africa,Unknown,Unknown,Unknown,Unknown,Unknown,Unknown,Unknown,Unknown,Unknown,Unknown,unknown,unknown,Unknown,Unknown,Unknown,Qualified; articles route not established,Unknown,Unknown,Unknown,Unknown,Unknown,Unknown,Unknown,Unknown,Unknown,Unknown,CONFIRMED,https://www.accountancysa.org.za/profile-figuring-it-out-together/,Unknown,2026-09-18,Coupled profile. Employer not stated in snippet.
acc-0062,Jabulile,Nyathi,Jabulile Nyathi,CONFIRMED,"Accountancy SA: ""Newlyweds Jabulile Nyathi CA(SA) and Siphesihle Mlangeni CA(SA)"".",Not stated in snippet,Not stated in snippet,Unknown,Unknown,Unknown,Unknown,Unknown,Unknown,Unknown,South Africa,Unknown,Unknown,Unknown,Unknown,Unknown,Unknown,Unknown,Unknown,Unknown,Unknown,unknown,unknown,Unknown,Unknown,Unknown,Qualified; articles route not established,Unknown,Unknown,Unknown,Unknown,Unknown,Unknown,Unknown,Unknown,Unknown,Unknown,CONFIRMED,https://www.accountancysa.org.za/profile-figuring-it-out-together/,Unknown,2026-09-18,Coupled profile. Employer not stated in snippet.
acc-0063,Mpho,Mookapele,Mpho Mookapele,CONFIRMED,"charteredaccountantsworldwide.com: ""Mpho Mookapele is a Chartered Accountant (SA) with over 14 years of experience ... In 2017 she was appointed as a CFO of the Energy and Water SETA ... officially appointed as CEO of the organisation in 2020.""",Chief Executive Officer,Chief Executive Officer,S8 — Broader Executive,Energy and Water Sector Education and Training Authority (EWSETA),Energy and Water Sector Education and Training Authority (EWSETA),Unknown,Unknown,Unknown,Unknown,South Africa,Unknown,Government,Unknown,Government & Public Sector,Government & Public Sector,Professional Services,Construction & Building Materials,Energy & Utilities,Unknown,Unknown,unknown,unknown,Unknown,Unknown,Unknown,Qualified; articles route not established,Unknown,Unknown,Government,Energy and Water SETA (EWSETA),CFO (2017) → Acting CEO (2018) → CEO (2020),Unknown,Unknown,Unknown,Unknown,Unknown,CONFIRMED,https://charteredaccountantsworldwide.com/institute/the-south-african-institute-of-chartered-accountants/,Unknown,2026-09-18,SAICA Top-35-under-35 2019 overall winner. SETA = Sector Education and Training Authority.
acc-0064,Chwayita,Mtebele,Chwayita Mtebele,CONFIRMED,"Accountancy SA: ""Chwayita Mtebele is Head of Department: Investment Providers at the Financial Sector Conduct Authority (FSCA). She is a qualified CA(SA) with a BCom Accounting from the University of Fort Hare and a CTA from Unisa"".",Head of Department: Investment Providers,Head of Department: Investment Providers,Unknown,Financial Sector Conduct Authority (FSCA),Financial Sector Conduct Authority (FSCA),Unknown,Unknown,Unknown,Unknown,South Africa,Unknown,Government,Unknown,Government & Public Sector,Government & Public Sector,Professional Services,Construction & Building Materials,Energy & Utilities,Unknown,Unknown,unknown,unknown,Unknown,Unknown,Unknown,Qualified; articles route not established,Unknown,BCom Accounting — University of Fort Hare,Government,Unknown,Unknown,Unknown,Unknown,Unknown,Unknown,Unknown,CONFIRMED,https://www.accountancysa.org.za/casa-profiles/,Unknown,2026-09-18,Market-conduct regulator (FSCA). From search snippet of ASA CA(SA) profiles page.
acc-0065,Zizipho,Nyanga,Zizipho Nyanga,CONFIRMED,"Accountancy SA: ""Old Mutual appoints Zizipho Nyanga CA(SA) as new CEO of Masisizane Fund"".",Chief Executive Officer,Chief Executive Officer,S8 — Broader Executive,Masisizane Fund (Old Mutual),Masisizane Fund (Old Mutual),Unknown,Unknown,Unknown,Unknown,South Africa,Unknown,Financial Services,Unknown,Investments & Capital Markets,Investments & Capital Markets,Unknown,Unknown,Unknown,Unknown,Unknown,unknown,unknown,Unknown,Unknown,Unknown,Qualified; articles route not established,Unknown,Unknown,Financial Services,Unknown,Unknown,Unknown,Unknown,Unknown,Unknown,Unknown,CONFIRMED,https://www.accountancysa.org.za/casa-profiles/,Unknown,2026-09-18,"Hails from Mthatha, Eastern Cape (origin). Appointed CEO of Old Mutual's Masisizane Fund (Oct 2016 per snippet)."
acc-0069,Christiaan,Vorster,Christiaan Vorster,CONFIRMED,"SAICA regional-executives page: ""Christiaan Vorster, CA(SA)"".",SAICA Regional Executive: Southern Region (Western Cape & Eastern Cape),SAICA Regional Executive: Southern Region (Western Cape & Eastern Cape),S8 — Broader Executive,SAICA,SAICA,Unknown,Cape Town,City of Cape Town Metro,Western Cape,South Africa,Unknown,Professional Services,Unknown,Professional Services,Professional Services,Investments & Capital Markets,Banking & Lending,Technology & Software,Unknown,Unknown,unknown,unknown,Unknown,Unknown,Deloitte (Pretoria),SAICA articles at Deloitte (Pretoria),Unknown,Stellenbosch University (undergraduate),Professional Services,Deloitte (Pretoria),Articles,Unknown,UCT / UP,"Lecturer (strategy, planning, investment appraisal)",Unknown,Unknown,CONFIRMED,https://www.saica.org.za/members/member-networks/regional-representation/regional-executives/,Unknown,2026-09-18,"Explicit: ""did his articles at Deloitte Pretoria."" Stellenbosch (undergraduate), UJ (CTA). Joined SAICA 2014."
acc-0070,Naeem,Asvat,Naeem Asvat,CONFIRMED,"SAICA regional-executives page: ""Naeem Asvat, CA(SA)"".",SAICA Regional Executive: Eastern Region (KwaZulu-Natal),SAICA Regional Executive: Eastern Region (KwaZulu-Natal),S8 — Broader Executive,SAICA,SAICA,Unknown,Durban,eThekwini Metro,KwaZulu-Natal,South Africa,Unknown,Professional Services,Unknown,Professional Services,Professional Services,Investments & Capital Markets,Banking & Lending,Technology & Software,Unknown,Unknown,unknown,unknown,Unknown,Unknown,Unknown,Qualified; articles route not established,Unknown,Unknown,Professional Services,listed cellular associate,CFO (appointed),Unknown,KPMG,Senior Manager: Accounting Advisory Services (Durban) + Manchester secondment,Unknown,Unknown,CONFIRMED,https://www.saica.org.za/members/member-networks/regional-representation/regional-executives/,Unknown,2026-09-18,"Prior roles: senior manager, KPMG Accounting Advisory Services (Durban); KPMG Manchester secondment. No explicit articles statement on page."
acc-0071,Div,Lamprecht,Div Lamprecht,CONFIRMED,"SAICA regional-executives page: ""Div Lamprecht, CA(SA)"".","SAICA Regional Executive: Central Region (Free State, Northern Cape & North West)","SAICA Regional Executive: Central Region (Free State, Northern Cape & North West)",S8 — Broader Executive,SAICA,SAICA,Unknown,Bloemfontein,Mangaung Metro,Free State,South Africa,Unknown,Professional Services,Unknown,Professional Services,Professional Services,Investments & Capital Markets,Banking & Lending,Technology & Software,Unknown,Unknown,unknown,unknown,Unknown,Unknown,PwC Bloemfontein,SAICA articles at PwC Bloemfontein,Unknown,Unknown,Professional Services,Absa Consultants & Actuaries,Manager of the Year 2002,Unknown,PwC Bloemfontein,Articles,Unknown,Unknown,CONFIRMED,https://www.saica.org.za/members/member-networks/regional-representation/regional-executives/,Unknown,2026-09-18,"Explicit: ""he completed his articles at PwC Bloemfontein"" (agricultural, financial services, retail clients). Signed: region office based in Bloemfontein. Joined SAICA 2005; prior Absa Consultants & Actuaries (4 years)."
acc-0073,Alexis,Sacks,Alexis Sacks,CONFIRMED,"Firm website team card: ""Alexis Sacks — Joint Managing Director, B. Comm CA (SA)"". Office address Kenilworth.",Joint Managing Director,Joint Managing Director,S8 — Broader Executive,Streets Chartered Accountants (Cape Town),Streets Chartered Accountants (Cape Town),Unknown,Cape Town,City of Cape Town Metro,Western Cape,South Africa,Unknown,Accounting / Audit,Chartered accountants & auditors,Professional Services,Professional Services,Investments & Capital Markets,Banking & Lending,Government & Public Sector,Unknown,Unknown,unknown,unknown,Unknown,Unknown,Unknown,Qualified; articles route not established,Unknown,Unknown,Accounting / Audit,Unknown,Unknown,Unknown,Unknown,Unknown,Unknown,Unknown,CONFIRMED,https://www.streets.uk/our-offices/cape-town-south-africa/,Unknown,2026-09-18,"Joint MD of Streets' Cape Town office (formerly MD Accountants & Auditors, rebranded MD Streets Jan 2026)."
acc-0074,Dave,Rich,Dave Rich,CONFIRMED,"Firm website team card: ""Dave Rich — Joint Managing Director, B. Comm CA (SA)"". Office address Kenilworth.",Joint Managing Director,Joint Managing Director,S8 — Broader Executive,Streets Chartered Accountants (Cape Town),Streets Chartered Accountants (Cape Town),Unknown,Cape Town,City of Cape Town Metro,Western Cape,South Africa,Unknown,Accounting / Audit,Chartered accountants & auditors,Professional Services,Professional Services,Investments & Capital Markets,Banking & Lending,Government & Public Sector,Unknown,Unknown,unknown,unknown,Unknown,Unknown,Unknown,Qualified; articles route not established,Unknown,Unknown,Accounting / Audit,Unknown,Unknown,Unknown,Unknown,Unknown,Unknown,Unknown,CONFIRMED,https://www.streets.uk/our-offices/cape-town-south-africa/,Unknown,2026-09-18,Joint MD of Streets' Cape Town office.
acc-0075,Fatima,Bapukee,Fatima Bapukee,CONFIRMED,"Firm website team card: ""Fatima Bapukee — Director, Chartered Accountant (SA) PG DIP (Tax)"".",Director,Director,Unknown,Streets Chartered Accountants (Cape Town),Streets Chartered Accountants (Cape Town),Unknown,Cape Town,City of Cape Town Metro,Western Cape,South Africa,Unknown,Accounting / Audit,Chartered accountants & auditors,Professional Services,Professional Services,Investments & Capital Markets,Banking & Lending,Government & Public Sector,Unknown,Unknown,unknown,unknown,Unknown,Unknown,Unknown,Qualified; articles route not established,Unknown,Unknown,Accounting / Audit,Unknown,Unknown,Unknown,Unknown,Unknown,Unknown,Unknown,CONFIRMED,https://www.streets.uk/our-offices/cape-town-south-africa/,Unknown,2026-09-18,Director; tax specialisation per PG Dip (Tax).
acc-0076,Uwe,Birkenstock,Uwe Birkenstock,CONFIRMED,"Firm website: ""Uwe Birkenstock — Director McA Durbanville Inc. - Auditing & Tax - CA(SA)"". Address Goedemoed Rd, Durbanville.",Director,Director,Unknown,McA Durbanville Inc.,McA Durbanville Inc.,Unknown,Durbanville,Unknown,Western Cape,South Africa,Unknown,Accounting / Audit,Auditing & tax practice,Professional Services,Professional Services,Investments & Capital Markets,Banking & Lending,Government & Public Sector,Unknown,Unknown,unknown,unknown,Unknown,Unknown,Unknown,Qualified; articles route not established,Unknown,Unknown,Accounting / Audit,Unknown,Unknown,Unknown,Unknown,Unknown,Unknown,Unknown,CONFIRMED,https://mca-acc.co.za/,Unknown,2026-09-18,McA Durbanville Inc. auditing & tax director.
acc-0077,Juan,Spies,Juan Spies,CONFIRMED,"Firm website: ""Juan Spies — Director McA Durbanville Inc. - Auditing & Tax - CA(SA)"". Address Goedemoed Rd, Durbanville.",Director,Director,Unknown,McA Durbanville Inc.,McA Durbanville Inc.,Unknown,Durbanville,Unknown,Western Cape,South Africa,Unknown,Accounting / Audit,Auditing & tax practice,Professional Services,Professional Services,Investments & Capital Markets,Banking & Lending,Government & Public Sector,Unknown,Unknown,unknown,unknown,Unknown,Unknown,Unknown,Qualified; articles route not established,Unknown,Unknown,Accounting / Audit,Unknown,Unknown,Unknown,Unknown,Unknown,Unknown,Unknown,CONFIRMED,https://mca-acc.co.za/,Unknown,2026-09-18,McA Durbanville Inc. auditing & tax director.
acc-0081,Ashley,Hanekom,Ashley Hanekom,CONFIRMED,"LinkedIn: ""Finance leader and Chartered Accountant (CA(SA)) with over 10 years of experience""; licence ""Chartered Accountant - South Africa SAICA CA(SA) Issued Dec 2015""; University of Cape Town.",Finance leader,Finance leader,Unknown,Superside,Superside,Unknown,Cape Town,City of Cape Town Metro,Western Cape,South Africa,https://www.linkedin.com/in/ashleyhanekom/,Technology,Design subscription / creative services,Technology & Software,Technology & Software,Fintech & Payments,Telecommunications,Professional Services,Unknown,Unknown,unknown,unknown,Unknown,Unknown,Unknown,Qualified; articles route not established,Unknown,University of Cape Town,Technology,Unknown,Unknown,Unknown,Unknown,Unknown,Unknown,Unknown,CONFIRMED,https://www.linkedin.com/in/ashleyhanekom/,Unknown,2026-09-18,CA(SA) issued Dec 2015. Superside: remote-first design-subscription company with SA (Cape Town) finance base.
acc-0089,Peet,van der Merwe,Peet van der Merwe,CONFIRMED,"LinkedIn headline: ""Peet van der Merwe CA(SA) RA — Forvis Mazars in South Africa""; University of the Free State.",Partner / Director,Partner / Director,Unknown,Forvis Mazars in South Africa,Forvis Mazars in South Africa,Unknown,Bloemfontein,Mangaung Metro,Free State,South Africa,https://www.linkedin.com/in/peet-van-der-merwe-ca-sa-ra-8320b7a6/,Accounting / Audit,International audit network,Professional Services,Professional Services,Investments & Capital Markets,Banking & Lending,Government & Public Sector,Unknown,Unknown,unknown,unknown,Unknown,Unknown,Unknown,Qualified; articles route not established,Unknown,University of the Free State,Accounting / Audit,Unknown,Unknown,Unknown,Unknown,Unknown,Unknown,Unknown,CONFIRMED,https://www.linkedin.com/in/peet-van-der-merwe-ca-sa-ra-8320b7a6/,Unknown,2026-09-18,CA(SA) + Registered Auditor (RA).
acc-0090,Lynette,Roeloffze,Lynette Roeloffze,CONFIRMED,"LinkedIn headline: ""Lynette Roeloffze CA(SA), RA — Forvis Mazars Group""; North-West University; memberOf SAICA + IRBA.",Senior Manager — Audit,Senior Manager — Audit,Unknown,Forvis Mazars Group,Forvis Mazars Group,Unknown,Johannesburg,City of Johannesburg Metro,Gauteng,South Africa,https://www.linkedin.com/in/lynette-roeloffze-ca-sa-ra-0637aa13/,Accounting / Audit,International audit network,Professional Services,Professional Services,Investments & Capital Markets,Banking & Lending,Government & Public Sector,Unknown,Unknown,unknown,unknown,Unknown,Unknown,Unknown,Qualified; articles route not established,Unknown,North-West University,Accounting / Audit,Unknown,Unknown,Unknown,Unknown,Unknown,Unknown,Unknown,CONFIRMED,https://www.linkedin.com/in/lynette-roeloffze-ca-sa-ra-0637aa13/,Unknown,2026-09-18,CA(SA) + Registered Auditor (RA); member of SAICA and IRBA.
acc-0091,Vincent,Motholo,Vincent Motholo,CONFIRMED,"LinkedIn: ""Vincent Motholo CA(SA)"" — ""Chief Financial Officer of the University of Cape Town and Chair of the South African Institute of Chartered Accountants (SAICA)""; Stanford GSB executive education.",Chief Financial Officer,Chief Financial Officer,S7 — CFO,University of Cape Town,University of Cape Town,Unknown,Cape Town,City of Cape Town Metro,Western Cape,South Africa,https://www.linkedin.com/in/vincent-motholo-ca-sa-842b7613/,Education,Tertiary education,Education,Education,Professional Services,Government & Public Sector,Technology & Software,Unknown,Unknown,unknown,unknown,Unknown,Unknown,Unknown,Qualified; articles route not established,Unknown,Stanford University Graduate School of Business (executive education),Education,Unknown,Unknown,Unknown,Unknown,Unknown,Unknown,Unknown,CONFIRMED,https://www.linkedin.com/in/vincent-motholo-ca-sa-842b7613/,Unknown,2026-09-18,CFO of UCT and SAICA Board Chairman.
acc-0092,Louis,de Wet,Louis de Wet,CONFIRMED,"LinkedIn headline ""CFO | CA (SA)"": PwC South Africa ""SAICA Articles | Chartered Accountant Trainee"" Jan 2011–Dec 2013 (Cape Town); Stellenbosch University.",Chief Financial Officer,Chief Financial Officer,S7 — CFO,TradeOn SA,TradeOn SA,Unknown,Stellenbosch,Cape Winelands,Western Cape,South Africa,https://www.linkedin.com/in/louisdewetza/,Retail,KFC franchisee (QSR),Retail & Wholesale,Retail & Wholesale,Consumer & FMCG,Logistics & Supply Chain,Property & Real Estate,Unknown,Unknown,unknown,unknown,Unknown,Unknown,PwC South Africa,SAICA articles at PwC South Africa (Jan 2011 – Dec 2013),Unknown,Stellenbosch University (2006–2010),Retail,Private (family-office consulting),Financial Consultant,Unknown,Stonehage Fleming,Relationship Manager — Family Office,Unknown,Unknown,CONFIRMED,https://www.linkedin.com/in/louisdewetza/,Unknown,2026-09-18,TradeOn SA: KFC franchisee with footprint in four provinces.
acc-0093,Adriaan,de Lange,Adriaan de Lange,CONFIRMED,"LinkedIn: ""Adriaan de Lange ... | CA(SA)"" headline and About: ""I’m a Chartered Accountant (CA)SA by training""; SAICA education; 20+ years as CEO/COO/CFO.",Executive Leader (CEO / COO / CFO roles),Executive Leader (CEO / COO / CFO roles),S8 — Broader Executive,Adriaan de Lange Advisory (Private Capacity),Adriaan de Lange Advisory (Private Capacity),Unknown,Cape Town,City of Cape Town Metro,Western Cape,South Africa,https://www.linkedin.com/in/a3aandl/,Manufacturing,"Manufacturing, agri-tech & industrial",Industrial & Manufacturing,Industrial & Manufacturing,Unknown,Unknown,Unknown,Unknown,Unknown,unknown,unknown,Unknown,Unknown,Unknown,Qualified; articles route not established,Unknown,Unknown,Manufacturing,Unknown,Unknown,Unknown,Unknown,Unknown,Unknown,Unknown,CONFIRMED,https://www.linkedin.com/in/a3aandl/,Unknown,2026-09-18,"Executive leader across agribusiness, chemicals, fertiliser, industrial sectors; multi-country Africa exposure."
acc-0094,Vanessa,Rheeder,Vanessa Rheeder,CONFIRMED,"LinkedIn: ""Vanessa Rheeder CA (SA)"" — headline; ""my work as a Fractional CFO""; Wharton Online education.",Fractional CFO,Fractional CFO,S7 — CFO,The Modern CFO,The Modern CFO,Unknown,Cape Town,City of Cape Town Metro,Western Cape,South Africa,https://www.linkedin.com/in/vanessa-rheeder-ca-sa/,Professional Services,Fractional CFO / advisory,Professional Services,Professional Services,Investments & Capital Markets,Banking & Lending,Technology & Software,Unknown,Unknown,unknown,unknown,Unknown,Unknown,Unknown,Qualified; articles route not established,Unknown,Unknown,Professional Services,Unknown,Unknown,Unknown,Unknown,Unknown,Unknown,Unknown,CONFIRMED,https://www.linkedin.com/in/vanessa-rheeder-ca-sa/,Unknown,2026-09-18,Fractional CFO for founder-led and growth-stage businesses (The Modern CFO).
acc-0095,Nethin,Karamchand,Nethin Karamchand,CONFIRMED,"LinkedIn: SAICA licence ""SAICA CA(SA) Credential ID 20053119""; University of Cape Town; headline ""Internationally experienced Chartered Accountant and finance leader"".",Finance leader,Finance leader,Unknown,Deloitte (South Africa),Deloitte (South Africa),Unknown,Cape Town,City of Cape Town Metro,Western Cape,South Africa,https://www.linkedin.com/in/nethin/,Professional Services,Audit & advisory (Big Four),Professional Services,Professional Services,Investments & Capital Markets,Banking & Lending,Technology & Software,Unknown,Unknown,unknown,unknown,Unknown,Unknown,Unknown,Qualified; articles route not established,Unknown,University of Cape Town,Professional Services,Unknown,Unknown,Unknown,Unknown,Unknown,Unknown,Unknown,CONFIRMED,https://www.linkedin.com/in/nethin/,Unknown,2026-09-18,"Deloitte, Cape Town; prior London (UK) Big Four / financial-services roles."
acc-0096,Bronvin,Heuvel,Bronvin Heuvel,CONFIRMED,"LinkedIn: ""Bronvin Heuvel CA(SA) RA"" — KPMG; University of the Western Cape.",(KPMG professional) — role not stated,(KPMG professional) — role not stated,Unknown,KPMG (South Africa),KPMG (South Africa),Unknown,Cape Town,City of Cape Town Metro,Western Cape,South Africa,https://www.linkedin.com/in/bronvin-heuvel-ca-sa-ra-7b2475a9/,Accounting / Audit,Big Four audit,Professional Services,Professional Services,Investments & Capital Markets,Banking & Lending,Government & Public Sector,Unknown,Unknown,unknown,unknown,Unknown,Unknown,Unknown,Qualified; articles route not established,Unknown,University of the Western Cape,Accounting / Audit,Unknown,Unknown,Unknown,Unknown,Unknown,Unknown,Unknown,CONFIRMED,https://www.linkedin.com/in/bronvin-heuvel-ca-sa-ra-7b2475a9/,Unknown,2026-09-18,"CA(SA) + Registered Auditor (RA), KPMG Cape Town."
acc-0097,Morgan,Gregory,Morgan Gregory,CONFIRMED,"LinkedIn: ""Morgan Gregory CA(SA)""— ASL ""Trainee Accountant | SAICA"" Feb 2016–Dec 2018 (Somerset West); Stellenbosch University Bachelors Accounting/Finance 2010–2015; UNISA PG Dip Advanced Accounting Sciences 2016–2017.",Chief Financial Officer,Chief Financial Officer,S7 — CFO,MK Aerospace SA,MK Aerospace SA,Unknown,Cape Town,City of Cape Town Metro,Western Cape,South Africa,https://www.linkedin.com/in/morgan-gregory-ca-sa-64046117b/,Technology,Aerospace / engineering,Technology & Software,Technology & Software,Fintech & Payments,Telecommunications,Professional Services,Unknown,Unknown,unknown,unknown,Unknown,Unknown,ASL,SAICA articles at ASL (Feb 2016 – Dec 2018),Unknown,Stellenbosch University — Bachelor's (Accounting & Finance) 2010–2015,Technology,ASL Advisory,Accounting Consultant,Unknown,ASL,Trainee Accountant (SAICA articles),Unknown,Unknown,CONFIRMED,https://www.linkedin.com/in/morgan-gregory-ca-sa-64046117b/,Unknown,2026-09-18,CFO of MK Aerospace SA.
acc-0102,Luke,Woodhouse,Luke Woodhouse,CONFIRMED,"LinkedIn: ""Luke Woodhouse CA (SA)"" — CFO; SAICA education; ""CFO with proven track record of driving sustainability and growth"".",Chief Financial Officer,Chief Financial Officer,S7 — CFO,GUUD GLOBAL,GUUD GLOBAL,Unknown,Johannesburg,City of Johannesburg Metro,Gauteng,South Africa,https://www.linkedin.com/in/luke-woodhouse-ca-sa-b31a0149/,Technology,Trade-tech / digital trade platforms,Technology & Software,Technology & Software,Fintech & Payments,Telecommunications,Professional Services,Unknown,Unknown,unknown,unknown,Unknown,Unknown,Unknown,Qualified; articles route not established,Unknown,Unknown,Technology,Unknown,Unknown,Unknown,Unknown,Unknown,Unknown,Unknown,CONFIRMED,https://www.linkedin.com/in/luke-woodhouse-ca-sa-b31a0149/,Unknown,2026-09-18,Profile location Johannesburg; employer GUUD GLOBAL is based City of Cape Town.
acc-0103,Elmarie,Swanepoel,Elmarie Swanepoel,PROBABLE,"LinkedIn ""similar profiles"" headline: ""Elmarie Swanepoel — Chartered Accountant (CA (SA))""; ResearchGate: Faculty Member, Stellenbosch University Department of Accountancy. Individual LinkedIn URL not captured.",Faculty Member (Department of Accountancy),Faculty Member (Department of Accountancy),Unknown,Stellenbosch University,Stellenbosch University,Unknown,Stellenbosch,Cape Winelands,Western Cape,South Africa,Unknown,Education,Tertiary education,Education,Education,Professional Services,Government & Public Sector,Technology & Software,Unknown,Unknown,unknown,unknown,Unknown,Unknown,Unknown,Not established,Unknown,Unknown,Education,Unknown,Unknown,Unknown,Unknown,Unknown,Unknown,Unknown,HIGH_CONFIDENCE,https://www.researchgate.net/profile/Elmarie-Swanepoel,Unknown,2026-09-18,Stellenbosch University Accountancy faculty. CA(SA) designation per LinkedIn headline (full profile not captured).
acc-0104,Ralph,Buddle,Ralph Buddle,CONFIRMED,"TFG Limited board profile: ""Executive Director | Chief Financial Officer — CA (SA). Ralph joined the Group in September 2023, and was appointed CFO effective 1 April 2024. Previously interim CFO of Oceana Group and director of strategy & business development at Woolworths Holdings.""",Executive Director | Chief Financial Officer,Executive Director | Chief Financial Officer,S7 — CFO,TFG Limited (The Foschini Group),TFG Limited (The Foschini Group),Unknown,Cape Town,City of Cape Town Metro,Western Cape,South Africa,Unknown,Retail,Clothing/footwear/omnichannel retail,Retail & Wholesale,Retail & Wholesale,Consumer & FMCG,Logistics & Supply Chain,Property & Real Estate,Unknown,Unknown,unknown,unknown,Unknown,Unknown,Unknown,Qualified; articles route not established,Unknown,Unknown,Retail,TFG Limited,Executive Director & CFO,Unknown,Oceana Group Limited,Interim CFO,Unknown,Unknown,CONFIRMED,https://tfglimited.co.za/our-brands/,Unknown,2026-09-18,TFG CFO; member of Risk and Finance Committees.
acc-0105,Graham,Davin,Graham Davin,CONFIRMED,"TFG Limited board profile: ""Graham Davin (70) — Lead Independent Director — BCom, BAcc, CA (SA), MBA ... qualified with Arthur Andersen in Johannesburg and joined Investec Bank after an MBA at UCT.""",Lead Independent Director,Lead Independent Director,Unknown,TFG Limited (The Foschini Group),TFG Limited (The Foschini Group),Unknown,Unknown,Unknown,Unknown,South Africa,Unknown,Retail,Clothing/footwear/omnichannel retail,Retail & Wholesale,Retail & Wholesale,Consumer & FMCG,Logistics & Supply Chain,Property & Real Estate,Unknown,Unknown,unknown,unknown,Unknown,Unknown,Arthur Andersen,SAICA articles at Arthur Andersen (pre-1990s),Unknown,MBA (UCT),Retail,Unknown,Unknown,Unknown,Unknown,Unknown,Unknown,Unknown,CONFIRMED,https://tfglimited.co.za/our-brands/,Unknown,2026-09-18,Career banker; Deputy Chair of United Trust Bank (UK). Residence not disclosed — location left UNCONFIRMED (TFG HQ is Cape Town).
acc-0106,Jan,Potgieter,Jan Potgieter,PROBABLE,"TFG Limited board profile: ""Jan Potgieter (57) — ... is a chartered accountant and has extensive senior-level experience in manufacturing, retail and supply chain, most recently CEO of Italtile and formerly CEO of Massdiscounters.""",Non-executive Director,Non-executive Director,S8 — Broader Executive,TFG Limited (The Foschini Group),TFG Limited (The Foschini Group),Unknown,Unknown,Unknown,Unknown,South Africa,Unknown,Retail,Clothing/footwear/omnichannel retail,Retail & Wholesale,Retail & Wholesale,Consumer & FMCG,Logistics & Supply Chain,Property & Real Estate,Unknown,Unknown,unknown,unknown,Unknown,Unknown,Unknown,Not established,Unknown,Unknown,Retail,Unknown,Unknown,Unknown,Unknown,Unknown,Unknown,Unknown,HIGH_CONFIDENCE,https://tfglimited.co.za/our-brands/,Unknown,2026-09-18,"Source states ""chartered accountant"" (designation letters ""CA(SA)"" not literally quoted) — HIGH_CONFIDENCE. Ex-CEO Italtile; former SABMiller senior financial roles."
acc-0107,Owen,van Tonder,Owen van Tonder,CONFIRMED,"LinkedIn: ""Owen van Tonder CA(SA)"" at Woolworths; ""I have been a CFO in the Woolworths group for over eight years""; theorg.com: ""Owen van Tonder CA(SA) is the Chief Financial Officer for Fashion, Beauty and Home at Woolworths since September 2015.""","Chief Financial Officer — Fashion, Beauty and Home","Chief Financial Officer — Fashion, Beauty and Home",S7 — CFO,Woolworths Holdings Ltd,Woolworths Holdings Ltd,Unknown,Cape Town,City of Cape Town Metro,Western Cape,South Africa,https://www.linkedin.com/in/owen-van-tonder-ca-sa-a8482131/,Retail,Premium food & apparel retail,Retail & Wholesale,Retail & Wholesale,Consumer & FMCG,Logistics & Supply Chain,Property & Real Estate,Unknown,Unknown,unknown,unknown,Unknown,Unknown,Unknown,Qualified; articles route not established,Unknown,Unknown,Retail,Woolworths,"CFO Fashion, Beauty and Home",Unknown,Woolworths,Head of Finance — Africa; Planning & Performance Analyst (Supply Chain/Global Sourcing); Franchise Billing Manager,Unknown,Unknown,CONFIRMED,https://www.linkedin.com/in/owen-van-tonder-ca-sa-a8482131/,Unknown,2026-09-18,"18+ years at Woolworths; CFO of Fashion, Beauty & Home since Sep 2015."
acc-0108,Zaid,Manjra,Zaid Manjra,CONFIRMED,"BusinessDay (21 Nov 2023): Woolworths appointed CFO ""Zaid Manjra ... a chartered accountant with more than 30 years working experience""; cfo.co.za: ""Zaid is a qualified CA(SA) with more than 30 years of post-qualification experience, 15 of which he has spent with Woolworths.""",Group Chief Financial Officer / Finance Director,Group Chief Financial Officer / Finance Director,S7 — CFO,Woolworths Holdings Ltd,Woolworths Holdings Ltd,Unknown,Cape Town,City of Cape Town Metro,Western Cape,South Africa,Unknown,Retail,Premium food & apparel retail,Retail & Wholesale,Retail & Wholesale,Consumer & FMCG,Logistics & Supply Chain,Property & Real Estate,Unknown,Unknown,unknown,unknown,Unknown,Unknown,Unknown,Qualified; articles route not established,Unknown,Unknown,Retail,Unknown,Unknown,Unknown,Unknown,Unknown,Unknown,Unknown,CONFIRMED,https://www.businessday.co.za/bd/companies/retail-and-consumer/2023-11-21-woolworths-names-zaid-manjra-as-cfo/,Unknown,2026-09-18,"Interim FD from July 2023; permanent CFO from 1 Dec 2023; member of Woolworths treasury, risk/IT committees."
acc-0109,Edburg,Strauss,Edburg Strauss,CONFIRMED,"LinkedIn: ""Edburg Strauss CA(SA)"" — Managing Director, netCFO; University of Pretoria; JTC Chartered Accountants (Faerie Glen, Pretoria).",Managing Director,Managing Director,S8 — Broader Executive,netCFO,netCFO,Unknown,Pretoria,City of Tshwane Metro,Gauteng,South Africa,https://www.linkedin.com/in/edburg-strauss/,Accounting / Audit,Outsourced / virtual CFO services,Professional Services,Professional Services,Investments & Capital Markets,Banking & Lending,Government & Public Sector,Unknown,Unknown,unknown,unknown,Unknown,Unknown,Unknown,Qualified; articles route not established,Unknown,University of Pretoria,Accounting / Audit,JTC Chartered Accountants,Chartered accountant,Unknown,Unknown,Unknown,Unknown,Unknown,CONFIRMED,https://www.linkedin.com/in/edburg-strauss/,Unknown,2026-09-18,netCFO uses Xero for client accounting (employer-level system observation); CA(SA) registration completion announced on LinkedIn.
acc-0110,Kobus,Boshoff,Kobus Boshoff,CONFIRMED,"LinkedIn licence: ""Chartered Accountant (SA) SAICA CA(SA) Issued Jun 1982""; Stellenbosch University & UNISA; firm site: founded Kobus Boshoff and Associates (Mossel Bay) 1985.",Managing Director (founder),Managing Director (founder),S8 — Broader Executive,Boshoff Knoetze Chartered Accountants,Boshoff Knoetze Chartered Accountants,Unknown,Somerset West,Cape Winelands,Western Cape,South Africa,https://www.linkedin.com/in/kobus-boshoff-0a510888/,Accounting / Audit,Chartered accountants (family firm),Professional Services,Professional Services,Investments & Capital Markets,Banking & Lending,Government & Public Sector,Unknown,Unknown,unknown,unknown,Unknown,Unknown,Unknown,Qualified; articles route not established,Unknown,Stellenbosch University,Accounting / Audit,Boshoff Knoetze (Somerset West),Managing Director,Unknown,Kobus Boshoff and Associates (Mossel Bay),Founder (accounting & auditing firm),Unknown,Unknown,CONFIRMED,https://www.linkedin.com/in/kobus-boshoff-0a510888/,Unknown,2026-09-18,Founded Kobus Boshoff and Associates (Mossel Bay) 1985; sold share of Boshoff Visser Inc; founded Boshoff Knoetze 2017 with his children.
acc-0111,Emma,Pardoe,Emma Pardoe,CONFIRMED,"Firm page: ""Emma Pardoe Chartered Accountant (SA) & Registered Auditor is a well established accounting, auditin[g]..."" — 5 Fagan Street, Somerset West.",Chartered Accountant & Registered Auditor (principal),Chartered Accountant & Registered Auditor (principal),S1 — Accounting / Specialist,Emma Pardoe Chartered Accountants (SA),Emma Pardoe Chartered Accountants (SA),Unknown,Somerset West,Cape Winelands,Western Cape,South Africa,https://www.linkedin.com/in/emmapardoe/,Accounting / Audit,Chartered accountants & registered auditors,Professional Services,Professional Services,Investments & Capital Markets,Banking & Lending,Government & Public Sector,Unknown,Unknown,unknown,unknown,Unknown,Unknown,Unknown,Qualified; articles route not established,Unknown,Unknown,Accounting / Audit,Unknown,Unknown,Unknown,Unknown,Unknown,Unknown,Unknown,CONFIRMED,https://www.facebook.com/EmmaPardoeCA/,Unknown,2026-09-18,Registered Auditor (RA) + CA(SA); firm established 2000. Principal/namesake.
acc-0112,Johan,Coetzee,Johan Coetzee,PROBABLE,"Somerset West business directory: ""Johan Coetzee the Principal graduated in 1988 at RAU and is a registered Chartered Accountant. He is also a registered auditor with the IRBA and registered as a tax practitioner with SARS.""",Principal,Principal,Unknown,Callidus Accountants,Callidus Accountants,Unknown,Somerset West,Cape Winelands,Western Cape,South Africa,Unknown,Accounting / Audit,Accounting firm,Professional Services,Professional Services,Investments & Capital Markets,Banking & Lending,Government & Public Sector,Unknown,Unknown,unknown,unknown,Unknown,Unknown,Unknown,Not established,Unknown,"Rand Afrikaans University (RAU), 1988",Accounting / Audit,Unknown,Unknown,Unknown,Unknown,Unknown,Unknown,Unknown,HIGH_CONFIDENCE,https://shopbiz.co.za/western-cape/somerset-west/accountants/,Unknown,2026-09-18,"IRBA Registered Auditor (RA) status implies CA(SA); source is a third-party directory, so designation held at HIGH_CONFIDENCE."
acc-0113,Willem,Theron,Willem Theron,CONFIRMED,"PSG Konsult integrated report (FY2015) board profile: ""Willem Theron (62) — Non-executive director and chairman — BCompt (Hons), CA(SA). Willem founded the chartered accountancy firm [Theron du Plessis]...""",Non-executive Chairman,Non-executive Chairman,Unknown,PSG Konsult Ltd (PSG Financial Services),PSG Konsult Ltd (PSG Financial Services),Unknown,Unknown,Unknown,Unknown,South Africa,Unknown,Financial Services,"Wealth, asset management & insurance",Investments & Capital Markets,Investments & Capital Markets,Unknown,Unknown,Unknown,Unknown,Unknown,unknown,unknown,Unknown,Unknown,Unknown,Qualified; articles route not established,Unknown,Unknown,Financial Services,PSG Financial Services / PSG Konsult Ltd,CEO (1998–2013) → Non-executive Chairman,Unknown,Theron du Plessis,Founder (chartered accountancy firm),Unknown,Unknown,CONFIRMED,http://download.psg.co.za/files/investor-relations/financial-information/PSG-Konsult-Ltd-Integrated-Report-FY-2015.pdf,Unknown,2026-09-18,Founder of PSG Financial Services and Theron du Plessis; personal location not stated (PSG group HQ Stellenbosch) — province left unconfirmed.
acc-0114,André,Du Plessis,André Du Plessis,CONFIRMED,"LDP team page: ""André Du Plessis — Director | CA(SA)"". UFS 1984, CA(SA) 1987; left PwC 1991; co-founded Loubser du Plessis Auditors with Tenk Loubser & Francine-Ann du Plessis.",Senior Director,Senior Director,Unknown,LDP Chartered Accountants and Auditors Inc.,LDP Chartered Accountants and Auditors Inc.,Unknown,Stellenbosch,Cape Winelands,Western Cape,South Africa,Unknown,Accounting / Audit,"Audit, advisory & tax",Professional Services,Professional Services,Investments & Capital Markets,Banking & Lending,Government & Public Sector,Unknown,Unknown,unknown,unknown,Unknown,Unknown,Unknown,Qualified; articles route not established,Unknown,University of the Free State (1984),Accounting / Audit,Unknown,Unknown,Unknown,Unknown,Unknown,Unknown,Unknown,CONFIRMED,https://ldp.co.za/our-team/,Unknown,2026-09-18,"Co-founder of Loubser du Plessis Auditors (1991); senior director of multi-disciplinary LDP group; specialises in management advice, wealth management, taxation."
acc-0115,Iaan,Marx,Iaan Marx,CONFIRMED,"LDP team page: ""Iaan Marx — Director | CA(SA) | RA"". Stellenbosch 1996 / UNISA 1998; CA(SA) 1999.",Director,Director,Unknown,LDP Chartered Accountants and Auditors Inc.,LDP Chartered Accountants and Auditors Inc.,Unknown,Stellenbosch,Cape Winelands,Western Cape,South Africa,Unknown,Accounting / Audit,"Audit, advisory & tax",Professional Services,Professional Services,Investments & Capital Markets,Banking & Lending,Government & Public Sector,Unknown,Unknown,unknown,unknown,Unknown,Unknown,Unknown,Qualified; articles route not established,Unknown,University of Stellenbosch (1996),Accounting / Audit,Unknown,Unknown,Unknown,Unknown,Unknown,Unknown,Unknown,CONFIRMED,https://ldp.co.za/our-team/,Unknown,2026-09-18,"Specialises in audit & business advisory: manufacturing, construction, property development, retail, transport, private equity, professional services."
acc-0116,Francois,Joubert,Francois Joubert,CONFIRMED,"LDP team page: ""Francois Joubert — Director | CA(SA) | RA"". Stellenbosch 1995; CA(SA) 1998.",Director,Director,Unknown,LDP Chartered Accountants and Auditors Inc.,LDP Chartered Accountants and Auditors Inc.,Unknown,Stellenbosch,Cape Winelands,Western Cape,South Africa,Unknown,Accounting / Audit,"Audit, advisory & tax",Professional Services,Professional Services,Investments & Capital Markets,Banking & Lending,Government & Public Sector,Unknown,Unknown,unknown,unknown,Unknown,Unknown,Unknown,Qualified; articles route not established,Unknown,University of Stellenbosch (1995),Accounting / Audit,Unknown,Unknown,Unknown,Unknown,Unknown,Unknown,Unknown,CONFIRMED,https://ldp.co.za/our-team/,Unknown,2026-09-18,"Specialises in auditing/accounting/consulting for wine farms, construction and retail companies."
acc-0117,Johann,van Rensburg,Johann van Rensburg,CONFIRMED,"LDP team page: ""Johann van Rensburg — Director | CA(SA) | RA"". Stellenbosch 2005; CA(SA) 2008.",Director,Director,Unknown,LDP Chartered Accountants and Auditors Inc.,LDP Chartered Accountants and Auditors Inc.,Unknown,Stellenbosch,Cape Winelands,Western Cape,South Africa,Unknown,Accounting / Audit,"Audit, advisory & tax",Professional Services,Professional Services,Investments & Capital Markets,Banking & Lending,Government & Public Sector,Unknown,Unknown,unknown,unknown,Unknown,Unknown,Unknown,Qualified; articles route not established,Unknown,University of Stellenbosch (2005),Accounting / Audit,Unknown,Unknown,Unknown,Unknown,Unknown,Unknown,Unknown,CONFIRMED,https://ldp.co.za/our-team/,Unknown,2026-09-18,"Specialises in audit, accounting, valuations and corporate finance for SMMEs."
acc-0118,Jana,Goosen,Jana Goosen,CONFIRMED,"LDP team page: ""Jana Goosen — Director | CA(SA) | RA"". Stellenbosch 2001; CA(SA) 2008.",Director,Director,Unknown,LDP Chartered Accountants and Auditors Inc.,LDP Chartered Accountants and Auditors Inc.,Unknown,Stellenbosch,Cape Winelands,Western Cape,South Africa,Unknown,Accounting / Audit,"Audit, advisory & tax",Professional Services,Professional Services,Investments & Capital Markets,Banking & Lending,Government & Public Sector,Unknown,Unknown,unknown,unknown,Unknown,Unknown,Unknown,Qualified; articles route not established,Unknown,University of Stellenbosch (2001),Accounting / Audit,Unknown,Unknown,Unknown,Unknown,Unknown,Unknown,Unknown,CONFIRMED,https://ldp.co.za/our-team/,Unknown,2026-09-18,Specialises in audits of large private groups; advanced B-BBEE consulting experience.
acc-0119,Willene,van Zyl,Willene van Zyl,CONFIRMED,"LDP team page: ""Willene van Zyl — Director | CA(SA) | RA"". Stellenbosch 2007; CA(SA) 2012.",Director,Director,Unknown,LDP Chartered Accountants and Auditors Inc.,LDP Chartered Accountants and Auditors Inc.,Unknown,Stellenbosch,Cape Winelands,Western Cape,South Africa,Unknown,Accounting / Audit,"Audit, advisory & tax",Professional Services,Professional Services,Investments & Capital Markets,Banking & Lending,Government & Public Sector,Unknown,Unknown,unknown,unknown,Unknown,Unknown,Unknown,Qualified; articles route not established,Unknown,University of Stellenbosch (2007),Accounting / Audit,Unknown,Unknown,Unknown,Unknown,Unknown,Unknown,Unknown,CONFIRMED,https://ldp.co.za/our-team/,Unknown,2026-09-18,Specialises in property and agricultural sectors.
acc-0120,Emile,de Villiers,Emile de Villiers,CONFIRMED,"LDP team page: ""Emile de Villiers — Director | CA(SA) | RA"". Stellenbosch BAcc (Hons) 2011; ""completed her articles at a medium-sized audit firm in Cape Town""; CA(SA) 2014; Registered Assessor 2018; RA 2025.",Director,Director,Unknown,LDP Chartered Accountants and Auditors Inc.,LDP Chartered Accountants and Auditors Inc.,Unknown,Stellenbosch,Cape Winelands,Western Cape,South Africa,Unknown,Accounting / Audit,"Audit, advisory & tax",Professional Services,Professional Services,Investments & Capital Markets,Banking & Lending,Government & Public Sector,Unknown,Unknown,unknown,unknown,Unknown,Unknown,Medium-sized audit firm (Cape Town),SAICA articles at Medium-sized audit firm (Cape Town) (before 2014),Unknown,"Stellenbosch University — BAcc (Hons), 2011",Accounting / Audit,LDP,Director,Unknown,Group (EMEA),"Financial Reporter, Group Financial Controller, CFO",Unknown,Unknown,CONFIRMED,https://ldp.co.za/our-team/,Unknown,2026-09-18,Prior EMEA financial reporting / group financial controller / CFO experience; IFRS & IFRS for SMEs focus.
acc-0121,Cornell,van Eeden,Cornell van Eeden,CONFIRMED,"LDP team page: ""Cornell van Eeden — Director | CA(SA) | RA"". University of Bloemfontein 2015; CA(SA) 2018; RA 2021; Registered Assessor 2023.",Director,Director,Unknown,LDP Chartered Accountants and Auditors Inc.,LDP Chartered Accountants and Auditors Inc.,Unknown,Stellenbosch,Cape Winelands,Western Cape,South Africa,Unknown,Accounting / Audit,"Audit, advisory & tax",Professional Services,Professional Services,Investments & Capital Markets,Banking & Lending,Government & Public Sector,Unknown,Unknown,unknown,unknown,Unknown,Unknown,Unknown,Qualified; articles route not established,Unknown,"University of the Free State (Bloemfontein), 2015",Accounting / Audit,LDP,Director,Unknown,Cape Town firm,Manager / Associate (2 years),Unknown,Unknown,CONFIRMED,https://ldp.co.za/our-team/,Unknown,2026-09-18,"Audit experience across wine & fruit farms, estate agents, sectional title, attorneys, hotels, manufacturing, engineering, wholesale."
acc-0122,Jana,van Zyl,Jana van Zyl,CONFIRMED,"LDP team page: ""Jana van Zyl — Associate Director | CA(SA) | RA"". Stellenbosch 2017; LDP audit trainee; UNISA Honours 2019; CA(SA) 2022; RA 2025.",Associate Director,Associate Director,Unknown,LDP Chartered Accountants and Auditors Inc.,LDP Chartered Accountants and Auditors Inc.,Unknown,Stellenbosch,Cape Winelands,Western Cape,South Africa,Unknown,Accounting / Audit,"Audit, advisory & tax",Professional Services,Professional Services,Investments & Capital Markets,Banking & Lending,Government & Public Sector,Unknown,Unknown,unknown,unknown,Unknown,Unknown,LDP,SAICA articles at LDP (2017–c.2020),Unknown,Stellenbosch University (2017),Accounting / Audit,Unknown,Unknown,Unknown,Unknown,Unknown,Unknown,Unknown,CONFIRMED,https://ldp.co.za/our-team/,Unknown,2026-09-18,"Expertise in construction, property, retail, transport."
acc-0123,Nadia,Van Der Westhuizen,Nadia Van Der Westhuizen,CONFIRMED,"LDP team page: ""Nadia Van Der Westhuizen — Associate Director | CA(SA) | RA"". BCom UP; BCom Hons UJ; ""She completed her traineeship at LDP (3 years)""; international secondment; Audit Director at another firm 2 years.",Associate Director,Associate Director,Unknown,LDP Chartered Accountants and Auditors Inc.,LDP Chartered Accountants and Auditors Inc.,Unknown,Stellenbosch,Cape Winelands,Western Cape,South Africa,Unknown,Accounting / Audit,"Audit, advisory & tax",Professional Services,Professional Services,Investments & Capital Markets,Banking & Lending,Government & Public Sector,Unknown,Unknown,unknown,unknown,Unknown,Unknown,LDP,SAICA articles at LDP (3 years),Unknown,University of Pretoria — BCom (Accounting Sciences),Accounting / Audit,LDP,Associate Director,Unknown,Another firm,Audit Director (2 years),Unknown,Unknown,CONFIRMED,https://ldp.co.za/our-team/,Unknown,2026-09-18,Registered Auditor and qualified CA(SA).
acc-0124,Thinus,Le Roux,Thinus Le Roux,CONFIRMED,"LDP team page: ""Thinus Le Roux — Associate Director | CA(SA) | RA"". North-West University 2015/2016; CA(SA) 2019; RA 2023; ""began his articles in 2017 ... recognised as the top trainee""; Associate Director 2022.",Associate Director,Associate Director,Unknown,LDP Chartered Accountants and Auditors Inc.,LDP Chartered Accountants and Auditors Inc.,Unknown,Stellenbosch,Cape Winelands,Western Cape,South Africa,Unknown,Accounting / Audit,"Audit, advisory & tax",Professional Services,Professional Services,Investments & Capital Markets,Banking & Lending,Government & Public Sector,Unknown,Unknown,unknown,unknown,Unknown,Unknown,LDP (implied),SAICA articles at LDP (implied) (began 2017),Unknown,"North-West University — undergraduate (2015), Honours (2016)",Accounting / Audit,Unknown,Unknown,Unknown,Unknown,Unknown,Unknown,Unknown,CONFIRMED,https://ldp.co.za/our-team/,Unknown,2026-09-18,"Exposure across agriculture, financial services, retail, manufacturing, energy, mining; plus tax consulting."
acc-0126,Imtiaaz,Hashim,Imtiaaz Hashim,CONFIRMED,"BDO ""our people"" page: ""Imtiaaz Hashim — Cape Town Managing Partner"" with qualification ""Chartered Accountant South Africa""; member SAICA, IRBA; JSE Registered Auditor.",Cape Town Managing Partner,Cape Town Managing Partner,Unknown,BDO South Africa,BDO South Africa,Unknown,Cape Town,City of Cape Town Metro,Western Cape,South Africa,Unknown,Accounting / Audit,"Audit, tax & advisory network",Professional Services,Professional Services,Investments & Capital Markets,Banking & Lending,Government & Public Sector,Unknown,Unknown,unknown,unknown,Unknown,Unknown,Unknown,Qualified; articles route not established,Unknown,Unknown,Accounting / Audit,BDO (Cayman Islands),Hedge-fund audits (under 2 years),Unknown,BDO (South Africa),Audit trainee → manager → partner,Unknown,Unknown,CONFIRMED,https://www.bdo.co.za/en-za/our-people/imtiaaz-hashim,Unknown,2026-09-18,Member of SAICA large/medium practices committee (WC); ABASA Western Cape board member.
acc-0127,Mark,Willimott,Mark Willimott,CONFIRMED,"BDO ""our people"" page: ""Mark Willimott — Founding Partner, Head of International Offshore Solutions"" with qualification ""Chartered Accountant South Africa""; BAcc (Hons) University of Port Elizabeth.",Head of International Offshore Solutions,Head of International Offshore Solutions,Unknown,BDO South Africa,BDO South Africa,Unknown,Gqeberha (Port Elizabeth),Unknown,Eastern Cape,South Africa,Unknown,Accounting / Audit,"Audit, tax & advisory network",Professional Services,Professional Services,Investments & Capital Markets,Banking & Lending,Government & Public Sector,Unknown,Unknown,unknown,unknown,Unknown,Unknown,Unknown,Qualified; articles route not established,Unknown,BAcc + Honours — University of Port Elizabeth,Accounting / Audit,Unknown,Unknown,Unknown,Unknown,Unknown,Unknown,Unknown,CONFIRMED,https://www.bdo.co.za/en-za/our-people/mark-willimott,Unknown,2026-09-18,"Lead assurance & corporate finance assignments; renewable energy, hospitality, sports sectors. Based Eastern Cape (Gqeberha)."
acc-0128,Johan,le Roux,Johan le Roux,CONFIRMED,"Find an Accountant profile: ""Johan le Roux CA(SA)"" — Qualifications: ""Chartered Accountant SA (CA(SA)); Graduate Diploma in Accounting (UCT); Graduate Diploma in Company Direction (Institute of Directors)""; SAICA membership no. 00182803. Former MD/owner of BFL Carriers (2007–2019).",Sole Practitioner / Self-employed Accountant,Sole Practitioner / Self-employed Accountant,S1 — Accounting / Specialist,Johan le Roux CA(SA),Johan le Roux CA(SA),Unknown,Milnerton (Cape Town),Unknown,Western Cape,South Africa,Unknown,Accounting / Audit,"Sole practice (independent reviews, tax)",Professional Services,Professional Services,Investments & Capital Markets,Banking & Lending,Government & Public Sector,Unknown,Unknown,unknown,unknown,Unknown,Unknown,Unknown,Qualified; articles route not established,Unknown,Graduate Diploma in Accounting — UCT,Accounting / Audit,Self-employed,Registered Public Accountant / sole practitioner,Unknown,BFL Carriers group of companies,Managing Director / owner,Unknown,Unknown,CONFIRMED,https://jleroux03.findanaccountant.co.za/,Unknown,2026-09-18,Past Chairman of the Road Freight Association (Western Cape). Registered tax practitioner (SARS); CIPC registered.
acc-0129,Zandrea,Gerber,Zandrea Gerber,CONFIRMED,"LinkedIn name ""Zandrea Gerber CA(SA)""; memberOf SAICA (Mar 2013–present); Stellenbosch BAcc (2009–2011) + Honours Accounting (2012). Employer Pay@ (Stellenbosch).",Finance Manager,Finance Manager,S3 — Manager,Pay@,Pay@,Unknown,Paarl,Cape Winelands,Western Cape,South Africa,https://www.linkedin.com/in/zandrea-gerber-ca-sa-99a5a475/,Fintech,Payments / transaction processing,Fintech & Payments,Fintech & Payments,Unknown,Unknown,Unknown,Unknown,Unknown,unknown,unknown,Unknown,Unknown,Unknown,Qualified; articles route not established,Unknown,Stellenbosch University — BAcc (2009–2011),Fintech,IGrow Wealth Investments,Group Finance Manager / Finance Manager: Developments,Unknown,CampusKey Student Living,Financial Property Manager,Unknown,Unknown,CONFIRMED,https://www.linkedin.com/in/zandrea-gerber-ca-sa-99a5a475/,Unknown,2026-09-18,SAICA member since Mar 2013. Pay@ is a Stellenbosch-based B2B payments platform.
acc-0130,Ashlin,Healy,Ashlin Healy,CONFIRMED,"LinkedIn name ""Ashlin Healy CA(SA)"": ""qualified Chartered Accountant with more than 9 years audit and accounting experience""; Deloitte; Stellenbosch University.",(Deloitte) — audit & accounting professional,(Deloitte) — audit & accounting professional,Unknown,Deloitte (South Africa),Deloitte (South Africa),Unknown,Cape Town,City of Cape Town Metro,Western Cape,South Africa,https://www.linkedin.com/in/ashlin-healy-ca-sa-130238103/,Accounting / Audit,Big Four audit,Professional Services,Professional Services,Investments & Capital Markets,Banking & Lending,Government & Public Sector,Unknown,Unknown,unknown,unknown,Unknown,Unknown,Unknown,Qualified; articles route not established,Unknown,Stellenbosch University,Accounting / Audit,Unknown,Unknown,Unknown,Unknown,Unknown,Unknown,Unknown,CONFIRMED,https://www.linkedin.com/in/ashlin-healy-ca-sa-130238103/,Unknown,2026-09-18,"Deloitte, Cape Town; 9+ years audit & accounting."
acc-0132,Valentine,Dzvova,Valentine Dzvova,CONFIRMED,"LinkedIn name ""Valentine Dzvova → CA(SA),CIA, ACMA, CGMA, Cert.Dir®"": ""inspirational business leader with over a decade of high-impact experience""; AYO Technology Solutions; University of Cape Town.",Group Financial Manager / business leader,Group Financial Manager / business leader,S4 — Senior Manager / Group,AYO Technology Solutions Limited,AYO Technology Solutions Limited,Unknown,Cape Town,City of Cape Town Metro,Western Cape,South Africa,https://za.linkedin.com/in/valentine-dzvova,Technology,ICT investment group,Technology & Software,Technology & Software,Fintech & Payments,Telecommunications,Professional Services,Unknown,Unknown,unknown,unknown,Unknown,Unknown,Unknown,Qualified; articles route not established,Unknown,University of Cape Town,Technology,Unknown,Unknown,Unknown,Unknown,Unknown,Unknown,Unknown,CONFIRMED,https://za.linkedin.com/in/valentine-dzvova,Unknown,2026-09-18,Also holds CIA and Cert.Dir®. AYO Technology Solutions (Cape Town).
acc-0364,Brett,Penney,Brett Penney,CONFIRMED,Academic qualifications: Bachelor of Commerce (BCom) — University of KwaZulu-Natal. Professional designation(s): CA(SA) (SAICA). Articles/training: QUALIFIED_BUT_ARTICLES_NOT_ESTABLISHED,Financial Controller,Financial Controller,S3 — Manager,Sika South Africa,Sika South Africa,Unknown,eThekwini,Unknown,KwaZulu-Natal,South Africa,https://za.linkedin.com/in/brett-penney-7821aa10a,Unknown,Unknown,Unknown,Unknown,Unknown,Unknown,Unknown,Unknown,Unknown,unknown,unknown,Unknown,Unknown,Unknown,Qualified; articles route not established,Unknown,Bachelor of Commerce (BCom) — University of KwaZulu-Natal,Unknown,Unknown,Unknown,Unknown,Unknown,Unknown,Unknown,Unknown,CONFIRMED,https://za.linkedin.com/in/brett-penney-7821aa10a,Unknown,2026-09-20,Current Financial Controller at SIKA South Africa since 2015. CA(SA) and BCom publicly evidenced; articles not inferred.
acc-0369,Quintin,Oosthuizen,Quintin Oosthuizen,CONFIRMED,Academic qualifications: Bachelor's degree — Accounting — Stellenbosch University; B.Acc. (Honours) — Stellenbosch University. Professional designation(s): CA(SA) (SAICA). Articles/training: TRAINING_ROLE_EXPLICIT_COMPLETION_NOT_ESTABLISHED,Chief Financial Officer / Company Secretary,Chief Financial Officer / Company Secretary,S7 — CFO,Haw & Inglis,Haw & Inglis,Unknown,City of Cape Town,Unknown,Western Cape,South Africa,Unknown,Unknown,Unknown,Unknown,Unknown,Unknown,Unknown,Unknown,Unknown,Unknown,unknown,unknown,Unknown,Unknown,PKF Auditing,at PKF Auditing (2013 to 2015),Unknown,Bachelor's degree — Accounting — Stellenbosch University,Unknown,Unknown,Unknown,Unknown,Unknown,Unknown,Unknown,Unknown,CONFIRMED,https://hiconstruction.co.za/profile/,Unknown,2026-09-20,"Official company profile states audit clerk at PKF 2013–2015 and later CA(SA) registration. It does not explicitly call the period SAICA articles, so completion is not inferred."
acc-0370,Sisandile,Thambo,Sisandile Thambo,CONFIRMED,Academic qualifications: BCom Honours in Accounting — Nelson Mandela Metropolitan University; BCom Accounting for Chartered Accountants — Nelson Mandela Metropolitan University; Advanced Risk Management — University of Cape Town. Professional designation(s): CA(SA) (SAICA). Articles/training: QUALIFIED_BUT_ARTICLES_NOT_ESTABLISHED,"Head of Finance, SBM Business Unit","Head of Finance, SBM Business Unit",S5 — Head,Saint-Gobain Gyproc,Saint-Gobain Gyproc,Unknown,Johannesburg Metropolitan Area,Unknown,Unknown,South Africa,https://za.linkedin.com/in/sisa-thambo,Unknown,Unknown,Unknown,Unknown,Unknown,Unknown,Unknown,Unknown,Unknown,unknown,unknown,Unknown,Unknown,Unknown,Qualified; articles route not established,Unknown,BCom Honours in Accounting — Nelson Mandela Metropolitan University,Unknown,Unknown,Unknown,Unknown,Unknown,Unknown,Unknown,Unknown,CONFIRMED,https://za.linkedin.com/in/sisa-thambo,Unknown,2026-09-20,"Current Saint-Gobain Africa Head of Finance, SBM Business Unit; Gyproc is part of Saint-Gobain Africa."
acc-0376,Mindre,Stofberg,Mindre Stofberg,CONFIRMED,Professional designation(s): CA(SA) (SAICA). Articles/training: NOT_ESTABLISHED,"Manager, Financial Accounting","Manager, Financial Accounting",Unknown,Tronox Namakwa Sands,Tronox Namakwa Sands,Unknown,Saldanha Bay Local Municipality,Unknown,Western Cape,South Africa,https://www.linkedin.com/in/mindre-stofberg-ca-sa-6416a638/,Unknown,Unknown,Unknown,Unknown,Unknown,Unknown,Unknown,Unknown,Unknown,unknown,unknown,Unknown,Unknown,Unknown,Not established,Unknown,Unknown,Unknown,Unknown,Unknown,Unknown,Unknown,Unknown,Unknown,Unknown,CONFIRMED,https://www.linkedin.com/in/mindre-stofberg-ca-sa-6416a638/,Unknown,2026-09-20,Structured public professional profile used where available.
acc-0382,William,"Tlou. BComm, Bcompt (Hons), Mcomm,","William Tlou. BComm, Bcompt (Hons), Mcomm,",CONFIRMED,Professional designation(s): CA(SA) (SAICA). Articles/training: NOT_ESTABLISHED,Finance Director: South Africa,Finance Director: South Africa,S6 — Director,Tronox Namakwa Sands,Tronox Namakwa Sands,Unknown,City of Johannesburg,Unknown,Gauteng,South Africa,https://www.linkedin.com/in/william-tlou-bcomm-bcompt-hons-mcomm-ca-sa-5161b029/,Unknown,Unknown,Unknown,Unknown,Unknown,Unknown,Unknown,Unknown,Unknown,unknown,unknown,Unknown,Unknown,Unknown,Not established,Unknown,Unknown,Unknown,Unknown,Unknown,Unknown,Unknown,Unknown,Unknown,Unknown,CONFIRMED,https://www.linkedin.com/in/william-tlou-bcomm-bcompt-hons-mcomm-ca-sa-5161b029/,Unknown,2026-09-20,Structured public professional profile used where available.
acc-0398,Lumka,Unathi Kappel,Lumka Unathi Kappel,CONFIRMED,Professional designation(s): CA(SA) (SAICA). Articles/training: NOT_ESTABLISHED,General Accounting Lead,General Accounting Lead,Unknown,Astron Energy,Astron Energy,Unknown,City of Cape Town,Unknown,Western Cape,South Africa,https://www.linkedin.com/in/lumka-unathi-kappel-ca-sa-2a54b1133/,Unknown,Unknown,Unknown,Unknown,Unknown,Unknown,Unknown,Unknown,Unknown,unknown,unknown,Unknown,Unknown,Unknown,Not established,Unknown,Unknown,Unknown,Unknown,Unknown,Unknown,Unknown,Unknown,Unknown,Unknown,CONFIRMED,https://www.linkedin.com/in/lumka-unathi-kappel-ca-sa-2a54b1133/,Unknown,2026-09-20,Structured public professional profile used where available.
acc-0403,Nicole,Grendeling,Nicole Grendeling,CONFIRMED,Professional designation(s): CA(SA) (SAICA). Articles/training: NOT_ESTABLISHED,Corporate Tax Specialist,Corporate Tax Specialist,S2 — Senior Individual Contributor,Astron Energy,Astron Energy,Unknown,City of Cape Town,Unknown,Western Cape,South Africa,https://www.linkedin.com/in/nicole-grendeling-ca-sa-bb99a7150/,Unknown,Unknown,Unknown,Unknown,Unknown,Unknown,Unknown,Unknown,Unknown,unknown,unknown,Unknown,Unknown,Unknown,Not established,Unknown,Unknown,Unknown,Unknown,Unknown,Unknown,Unknown,Unknown,Unknown,Unknown,CONFIRMED,https://www.linkedin.com/in/nicole-grendeling-ca-sa-bb99a7150/,Unknown,2026-09-20,Structured public professional profile used where available.
acc-0410,Rodrique,Thomas,Rodrique Thomas,CONFIRMED,Professional designation(s): CA(SA) (SAICA). Articles/training: NOT_ESTABLISHED,Corporate Tax Specialist,Corporate Tax Specialist,S2 — Senior Individual Contributor,Astron Energy,Astron Energy,Unknown,City of Cape Town,Unknown,Western Cape,South Africa,https://www.linkedin.com/in/rodrique-thomas/,Unknown,Unknown,Unknown,Unknown,Unknown,Unknown,Unknown,Unknown,Unknown,unknown,unknown,Unknown,Unknown,Unknown,Not established,Unknown,Unknown,Unknown,Unknown,Unknown,Unknown,Unknown,Unknown,Unknown,Unknown,CONFIRMED,https://www.linkedin.com/in/rodrique-thomas/,Unknown,2026-09-20,Structured public professional profile used where available.
acc-0411,Sanele,Nodume,Sanele Nodume,CONFIRMED,Professional designation(s): CA(SA) (SAICA). Articles/training: NOT_ESTABLISHED,General Accountant,General Accountant,S1 — Accounting / Specialist,Astron Energy,Astron Energy,Unknown,Cape Town,City of Cape Town Metro,Western Cape,South Africa,https://www.linkedin.com/in/sanele-nodume-ca-sa-36034622b/,Unknown,Unknown,Unknown,Unknown,Unknown,Unknown,Unknown,Unknown,Unknown,unknown,unknown,Unknown,Unknown,Unknown,Not established,Unknown,Unknown,Unknown,Unknown,Unknown,Unknown,Unknown,Unknown,Unknown,Unknown,CONFIRMED,https://www.linkedin.com/in/sanele-nodume-ca-sa-36034622b/,Unknown,2026-09-20,Structured public professional profile used where available.
acc-0427,Shelley,Wessels,Shelley Wessels,CONFIRMED,Professional designation(s): CA(SA) (SAICA). Articles/training: NOT_ESTABLISHED,Financial Manager,Financial Manager,S3 — Manager,PetroSA,PetroSA,Unknown,City of Cape Town,Unknown,Western Cape,South Africa,https://www.linkedin.com/in/shelley-wessels/,Unknown,Unknown,Unknown,Unknown,Unknown,Unknown,Unknown,Unknown,Unknown,unknown,unknown,Unknown,Unknown,Unknown,Not established,Unknown,Unknown,Unknown,Unknown,Unknown,Unknown,Unknown,Unknown,Unknown,Unknown,CONFIRMED,https://www.linkedin.com/in/shelley-wessels/,Unknown,2026-09-20,Structured public professional profile used where available.
acc-0436,Ernst,van Vondel,Ernst van Vondel,CONFIRMED,Professional designation(s): CA(SA) (SAICA). Articles/training: NOT_ESTABLISHED,Head Of Finance Department,Head Of Finance Department,S5 — Head,Power Group,Power Group,Unknown,City of Cape Town,Unknown,Western Cape,South Africa,https://www.linkedin.com/in/vondel/,Unknown,Unknown,Unknown,Unknown,Unknown,Unknown,Unknown,Unknown,Unknown,unknown,unknown,Unknown,Unknown,Unknown,Not established,Unknown,Unknown,Unknown,Unknown,Unknown,Unknown,Unknown,Unknown,Unknown,Unknown,CONFIRMED,https://www.linkedin.com/in/vondel/,Unknown,2026-09-20,Structured public professional profile used where available.
acc-0445,Bianca,Christian,Bianca Christian,CONFIRMED,Professional designation(s): CA(SA) (SAICA). Articles/training: NOT_ESTABLISHED,Group Accountant,Group Accountant,S1 — Accounting / Specialist,WBHO Construction - Cape Division,WBHO Construction - Cape Division,Unknown,Gauteng,Unknown,Gauteng,South Africa,https://www.linkedin.com/in/bianca-christian-1690a9b0/,Unknown,Unknown,Unknown,Unknown,Unknown,Unknown,Unknown,Unknown,Unknown,unknown,unknown,Unknown,Unknown,Unknown,Not established,Unknown,Unknown,Unknown,Unknown,Unknown,Unknown,Unknown,Unknown,Unknown,Unknown,CONFIRMED,https://www.linkedin.com/in/bianca-christian-1690a9b0/,Unknown,2026-09-20,Structured public professional profile used where available.
acc-0449,Kabelo,Kuduntwane,Kabelo Kuduntwane,CONFIRMED,Professional designation(s): CA(SA) (SAICA). Articles/training: NOT_ESTABLISHED,Group Accountant - Group Reporting,Group Accountant - Group Reporting,S1 — Accounting / Specialist,WBHO Construction - Cape Division,WBHO Construction - Cape Division,Unknown,Pretoria,City of Tshwane Metro,Gauteng,South Africa,https://www.linkedin.com/in/kabelo-kuduntwane-ca-sa-0a52431a6/,Unknown,Unknown,Unknown,Unknown,Unknown,Unknown,Unknown,Unknown,Unknown,unknown,unknown,Unknown,Unknown,Unknown,Not established,Unknown,Unknown,Unknown,Unknown,Unknown,Unknown,Unknown,Unknown,Unknown,Unknown,CONFIRMED,https://www.linkedin.com/in/kabelo-kuduntwane-ca-sa-0a52431a6/,Unknown,2026-09-20,Structured public professional profile used where available.
acc-0454,Nicole,Harris,Nicole Harris,CONFIRMED,Professional designation(s): CA(SA) (SAICA). Articles/training: NOT_ESTABLISHED,Senior Accountant,Senior Accountant,S2 — Senior Individual Contributor,WBHO Construction - Cape Division,WBHO Construction - Cape Division,Unknown,Johannesburg Metropolitan Area,Unknown,Unknown,South Africa,https://www.linkedin.com/in/nicole-harris-ca-sa-8b6171150/,Unknown,Unknown,Unknown,Unknown,Unknown,Unknown,Unknown,Unknown,Unknown,unknown,unknown,Unknown,Unknown,Unknown,Not established,Unknown,Unknown,Unknown,Unknown,Unknown,Unknown,Unknown,Unknown,Unknown,Unknown,CONFIRMED,https://www.linkedin.com/in/nicole-harris-ca-sa-8b6171150/,Unknown,2026-09-20,Structured public professional profile used where available.
acc-0468,Ayanda,Msomi,Ayanda Msomi,CONFIRMED,Professional designation(s): CA(SA) (SAICA). Articles/training: NOT_ESTABLISHED,Senior Accountant,Senior Accountant,S2 — Senior Individual Contributor,Concor,Concor,Unknown,City of Johannesburg,Unknown,Gauteng,South Africa,https://www.linkedin.com/in/ayanda-msomi-2446b615a/,Unknown,Unknown,Unknown,Unknown,Unknown,Unknown,Unknown,Unknown,Unknown,unknown,unknown,Unknown,Unknown,Unknown,Not established,Unknown,Unknown,Unknown,Unknown,Unknown,Unknown,Unknown,Unknown,Unknown,Unknown,CONFIRMED,https://www.linkedin.com/in/ayanda-msomi-2446b615a/,Unknown,2026-09-20,Structured public professional profile used where available.
acc-0481,Chelsea,Geldenhuys,Chelsea Geldenhuys,CONFIRMED,Professional designation(s): CA(SA) (SAICA). Articles/training: NOT_ESTABLISHED,Finance Manager,Finance Manager,S3 — Manager,Raubex / Roadmac Surfacing Cape,Raubex / Roadmac Surfacing Cape,Unknown,Bloemfontein,Mangaung Metro,Free State,South Africa,https://www.linkedin.com/in/chelsea-geldenhuys-ca-sa-0139847b/,Unknown,Unknown,Unknown,Unknown,Unknown,Unknown,Unknown,Unknown,Unknown,unknown,unknown,Unknown,Unknown,Unknown,Not established,Unknown,Unknown,Unknown,Unknown,Unknown,Unknown,Unknown,Unknown,Unknown,Unknown,CONFIRMED,https://www.linkedin.com/in/chelsea-geldenhuys-ca-sa-0139847b/,Unknown,2026-09-20,Structured public professional profile used where available.
acc-0484,IR,Van der Merwe,IR Van der Merwe,CONFIRMED,Professional designation(s): CA(SA) (SAICA). Articles/training: NOT_ESTABLISHED,Divisional Financial Manager: Materials Division of the Raubex Group of companies,Divisional Financial Manager: Materials Division of the Raubex Group of companies,S4 — Senior Manager / Group,Raubex / Roadmac Surfacing Cape,Raubex / Roadmac Surfacing Cape,Unknown,Bloemfontein,Mangaung Metro,Free State,South Africa,https://www.linkedin.com/in/ir-van-der-merwe-a3a76955/,Unknown,Unknown,Unknown,Unknown,Unknown,Unknown,Unknown,Unknown,Unknown,unknown,unknown,Unknown,Unknown,Unknown,Not established,Unknown,Unknown,Unknown,Unknown,Unknown,Unknown,Unknown,Unknown,Unknown,Unknown,CONFIRMED,https://www.linkedin.com/in/ir-van-der-merwe-a3a76955/,Unknown,2026-09-20,Structured public professional profile used where available.
acc-0487,Niel,Bisschoff,Niel Bisschoff,CONFIRMED,Professional designation(s): CA(SA) (SAICA). Articles/training: NOT_ESTABLISHED,Divisional Financial Manager - Mining,Divisional Financial Manager - Mining,S4 — Senior Manager / Group,Raubex / Roadmac Surfacing Cape,Raubex / Roadmac Surfacing Cape,Unknown,City of Johannesburg,Unknown,Gauteng,South Africa,https://www.linkedin.com/in/niel-bisschoff-ca-sa-b3a1a253/,Unknown,Unknown,Unknown,Unknown,Unknown,Unknown,Unknown,Unknown,Unknown,unknown,unknown,Unknown,Unknown,Unknown,Not established,Unknown,Unknown,Unknown,Unknown,Unknown,Unknown,Unknown,Unknown,Unknown,Unknown,CONFIRMED,https://www.linkedin.com/in/niel-bisschoff-ca-sa-b3a1a253/,Unknown,2026-09-20,Structured public professional profile used where available.
acc-0489,Saneesa,Ward,Saneesa Ward,CONFIRMED,Professional designation(s): CA(SA) (SAICA). Articles/training: NOT_ESTABLISHED,Group Consolidation Accountant,Group Consolidation Accountant,S1 — Accounting / Specialist,Raubex / Roadmac Surfacing Cape,Raubex / Roadmac Surfacing Cape,Unknown,Bloemfontein,Mangaung Metro,Free State,South Africa,https://www.linkedin.com/in/saneesa-ward-ca-sa-3a3533136/,Unknown,Unknown,Unknown,Unknown,Unknown,Unknown,Unknown,Unknown,Unknown,unknown,unknown,Unknown,Unknown,Unknown,Not established,Unknown,Unknown,Unknown,Unknown,Unknown,Unknown,Unknown,Unknown,Unknown,Unknown,CONFIRMED,https://www.linkedin.com/in/saneesa-ward-ca-sa-3a3533136/,Unknown,2026-09-20,Structured public professional profile used where available.
acc-0493,Gerrit,van Niekerk,Gerrit van Niekerk,CONFIRMED,Academic qualifications: B Accounting Hons — Stellenbosch University; Postgraduate Diploma in Auditing — UNISA. Professional designation(s): CA(SA) (SAICA). Articles/training: QUALIFIED_BUT_ARTICLES_NOT_ESTABLISHED,Financial Director,Financial Director,S6 — Director,Isipani Construction,Isipani Construction,Unknown,City of Cape Town / Paarl,Unknown,Western Cape,South Africa,https://za.linkedin.com/in/gerrit-van-niekerk-8195587,Unknown,Unknown,Unknown,Unknown,Unknown,Unknown,Unknown,Unknown,Unknown,unknown,unknown,Unknown,Unknown,Unknown,Qualified; articles route not established,Unknown,B Accounting Hons — Stellenbosch University,Unknown,Unknown,Unknown,Unknown,Unknown,Unknown,Unknown,Unknown,CONFIRMED,https://za.linkedin.com/in/gerrit-van-niekerk-8195587,Unknown,2026-09-20,Official company page identifies current Financial Director and CA; articles not inferred.
acc-0521,Ebrahim,Ally,Ebrahim Ally,CONFIRMED,Academic qualifications: CA (SA) — The South African Institute of Chartered Accountants (SAICA) — 2010–2010; Bachelor of Commerce (B.Com.) — Accounting — University of KwaZulu-Natal — 2003–2006; Matric — Umzinto Islamic School — 1994–2002. Professional designation(s): CA(SA) (SAICA). Articles/training: QUALIFIED_BUT_ARTICLES_NOT_ESTABLISHED,Financial Controller,Financial Controller,S3 — Manager,Mpact,Mpact,Unknown,City of Johannesburg,Unknown,Gauteng,South Africa,https://www.linkedin.com/in/ebrahim-ally8505/,Unknown,Unknown,Unknown,Unknown,Unknown,Unknown,Unknown,Unknown,Unknown,unknown,unknown,Unknown,Unknown,Unknown,Qualified; articles route not established,Unknown,Bachelor of Commerce (B.Com.) — Accounting — University of KwaZulu-Natal — 2003–2006,Unknown,Unknown,Unknown,Unknown,Unknown,Unknown,Unknown,Unknown,CONFIRMED,https://www.linkedin.com/in/ebrahim-ally8505/,Unknown,2026-09-20,Unknown
acc-0523,James,Liston,James Liston,CONFIRMED,Academic qualifications: Bachelor of Commerce - BCom — Accounting — University of the Witwatersrand — 1983–1987. Professional designation(s): CA(SA) (SAICA). Articles/training: QUALIFIED_BUT_ARTICLES_NOT_ESTABLISHED,Financial Consultant,Financial Consultant,Unknown,Mpact,Mpact,Unknown,City of Johannesburg,Unknown,Gauteng,South Africa,https://www.linkedin.com/in/james-liston-7516b2170/,Unknown,Unknown,Unknown,Unknown,Unknown,Unknown,Unknown,Unknown,Unknown,unknown,unknown,Unknown,Unknown,Unknown,Qualified; articles route not established,Unknown,Bachelor of Commerce - BCom — Accounting — University of the Witwatersrand — 1983–1987,Unknown,Unknown,Unknown,Unknown,Unknown,Unknown,Unknown,Unknown,CONFIRMED,https://www.linkedin.com/in/james-liston-7516b2170/,Unknown,2026-09-20,Unknown
acc-0548,Chantell,Ajam,Chantell Ajam,CONFIRMED,"Academic qualifications: Master of Business Administration - MBA — Business Administration, Management and Operations — Nelson Mandela University Business School — 2023; Assessment of Professional Competence (APC) - November 2018 — The South African Institute of Chartered Accountants (SAICA) — 2018; Initial Test of Competence (ITC) - January 2018 — The South African Institute of Chartered Accountants (SAICA) — 2018; Post Graduate Diploma in Applied Accounting Science (CTA) — University of South Africa/Universiteit van Suid-Afrika — 2017; Completion of Professional Evaluation — South African Institute of Professional Accountants (SAIPA) — 2013–2013; Post Graduate Diploma — Accounting Science — University of South Africa/Universiteit van Suid-Afrika — 2010; Bachelor of Commerce (Rationum) — Accounting as well as Computer Science and Information Systems — Nelson Mandela University — 2003–2007. Professional designation(s): CA(SA) (SAICA). Articles/training: QUALIFIED_BUT_ARTICLES_NOT_ESTABLISHED",Regional Finance Executive,Regional Finance Executive,Unknown,Polyoak Packaging,Polyoak Packaging,Unknown,Port Elizabeth,Nelson Mandela Bay Metro,Eastern Cape,South Africa,https://www.linkedin.com/in/chantellajam/,Unknown,Unknown,Unknown,Unknown,Unknown,Unknown,Unknown,Unknown,Unknown,unknown,unknown,Unknown,Unknown,Unknown,Qualified; articles route not established,Unknown,"Master of Business Administration - MBA — Business Administration, Management and Operations — Nelson Mandela University Business School — 2023",Unknown,Unknown,Unknown,Unknown,Unknown,Unknown,Unknown,Unknown,CONFIRMED,https://www.linkedin.com/in/chantellajam/,Unknown,2026-09-20,Unknown
acc-0575,Alka,Singh,Alka Singh,CONFIRMED,Academic qualifications: Principles of Marketing — University of the Witwatersrand — 2020–2020; Bachelor of Commerce (BCom)-Honours(CTA) — Accounting — University of KwaZulu-Natal — 2010–2010; Bachelor of Commerce (BCom) — Accounting — University of KwaZulu-Natal — 2005–2009; Reservior Hills Secondary. Professional designation(s): CA(SA) (SAICA). Articles/training: QUALIFIED_BUT_ARTICLES_NOT_ESTABLISHED,Financial Business Consultant- Automations,Financial Business Consultant- Automations,Unknown,Nampak,Nampak,Unknown,City of Johannesburg,Unknown,Gauteng,South Africa,https://www.linkedin.com/in/alka-singh-ca-sa-12642173/,Unknown,Unknown,Unknown,Unknown,Unknown,Unknown,Unknown,Unknown,Unknown,unknown,unknown,Unknown,Unknown,Unknown,Qualified; articles route not established,Unknown,Principles of Marketing — University of the Witwatersrand — 2020–2020,Unknown,Unknown,Unknown,Unknown,Unknown,Unknown,Unknown,Unknown,CONFIRMED,https://www.linkedin.com/in/alka-singh-ca-sa-12642173/,Unknown,2026-09-20,Unknown
acc-0577,Angeline,Aldridge,Angeline Aldridge,CONFIRMED,Academic qualifications: Bachelor of Accountancy — University of the Witwatersrand — 2000–2004. Professional designation(s): CA(SA) (SAICA). Articles/training: QUALIFIED_BUT_ARTICLES_NOT_ESTABLISHED,Head of Operations Finance Metals,Head of Operations Finance Metals,Unknown,Nampak,Nampak,Unknown,City of Johannesburg,Unknown,Gauteng,South Africa,https://www.linkedin.com/in/angeline-aldridge-86b929184/,Unknown,Unknown,Unknown,Unknown,Unknown,Unknown,Unknown,Unknown,Unknown,unknown,unknown,Unknown,Unknown,Unknown,Qualified; articles route not established,Unknown,Bachelor of Accountancy — University of the Witwatersrand — 2000–2004,Unknown,Unknown,Unknown,Unknown,Unknown,Unknown,Unknown,Unknown,CONFIRMED,https://www.linkedin.com/in/angeline-aldridge-86b929184/,Unknown,2026-09-20,Unknown
acc-0587,Jacqui,Celliers,Jacqui Celliers,CONFIRMED,"Academic qualifications: MCom (Finance) — Finance, General — University of the Witwatersrand — 2022–2024; BCom (Accounting) Honours — Accounting — University of Johannesburg — 2002–2002; BCom (Accounting) — Accounting — North-West University / Noordwes-Universiteit — 1999–2001. Professional designation(s): CA(SA) (SAICA). Articles/training: QUALIFIED_BUT_ARTICLES_NOT_ESTABLISHED",Divisional Financial Manager,Divisional Financial Manager,S4 — Senior Manager / Group,Nampak,Nampak,Unknown,Johannesburg,City of Johannesburg Metro,Gauteng,South Africa,https://www.linkedin.com/in/jacqui-celliers-241a47209/,Unknown,Unknown,Unknown,Unknown,Unknown,Unknown,Unknown,Unknown,Unknown,unknown,unknown,Unknown,Unknown,Unknown,Qualified; articles route not established,Unknown,"MCom (Finance) — Finance, General — University of the Witwatersrand — 2022–2024",Unknown,Unknown,Unknown,Unknown,Unknown,Unknown,Unknown,Unknown,CONFIRMED,https://www.linkedin.com/in/jacqui-celliers-241a47209/,Unknown,2026-09-20,Unknown
acc-0833,Brendon,Lucke,Brendon Lucke,CONFIRMED,"Commercial Cold Holdings executive team page: ""BRENDON LUCKE, Chief Financial Officer. Brendon has over 20 years experience in FMCG, supply chain & logistics. Prior to joining CCH, Brendon was the Group Finance Director at I&J, responsible for Finance, Legal, Supply Chain and Health & Safety. Brendon is a Chartered Accountant, CA(SA).""",Chief Financial Officer,Chief Financial Officer,S7 — CFO,Commercial Cold Holdings,Commercial Cold Holdings,Unknown,Cape Town,City of Cape Town Metro,Western Cape,South Africa,https://www.linkedin.com/in/brendon-lucke-01494065/,Cold-Chain Logistics,Temperature-controlled logistics and cold storage,Logistics & Supply Chain,Logistics & Supply Chain,Unknown,Unknown,Unknown,Private Equity Backed,Mid-Market,false,false,Group Reporting; Supply Chain Finance; Working Capital; Financial Control,Private Company; Private Equity Backed; Asset Intensive; Multi-site; B2B,Unknown,SAICA articles,Unknown,Unknown,Food Processing > Cold-Chain Logistics,I&J (Irvin & Johnson),"Group Finance Director (Finance, Legal, Supply Chain and Health & Safety)",Food Processing,Unknown,Unknown,Unknown,CONFIRMED,CONFIRMED,https://www.cchcold.com/governance,Unknown,2026-10-01,"Upgraded from FINANCE_ROLE_CONFIRMED to CONFIRMED on the strength of the Commercial Cold Holdings governance page, which states the CA(SA) designation explicitly and documents a 20+ year FMCG and supply-chain career. Employer confidence PROBABLE-to-CONFIRMED: CCH is the AIIM-led cold-chain platform that now owns CCS Logistics."
acc-0885,Catharine,Burger,Catharine Burger,CONFIRMED,Academic qualifications: Bachelor's degree — Accounting — Stellenbosch University — 2003–2005; Honours degree — Accounting — Stellenbosch University — 2006; CA(SA) — SAICA — 2010. Professional designation(s): CA(SA) (SAICA). Articles/training: QUALIFIED_BUT_ARTICLES_NOT_ESTABLISHED,Corporate Financial Manager,Corporate Financial Manager,S3 — Manager,Afrimat,Afrimat,Unknown,City of Cape Town,Unknown,Western Cape,South Africa,https://www.linkedin.com/in/catharine-burger-4a597a81/,Unknown,Unknown,Unknown,Unknown,Unknown,Unknown,Unknown,Unknown,Unknown,unknown,unknown,Unknown,Unknown,Unknown,Qualified; articles route not established,Unknown,Bachelor's degree — Accounting — Stellenbosch University — 2003–2005; Honours degree — Accounting — Stellenbosch University — 2006; CA(SA) — SAICA — 2010,Unknown,Unknown,Unknown,Unknown,Unknown,Unknown,Unknown,Unknown,CONFIRMED,https://www.linkedin.com/in/catharine-burger-4a597a81/,Unknown,2026-09-19,Unknown
acc-0889,Dirk,Kotze,Dirk Kotze,CONFIRMED,Academic qualifications: MBA — Stellenbosch University — 2009–2012; B-Compt Hons — UNISA — 1999–2000; BRek — Stellenbosch University — 1996–1999. Professional designation(s): CA(SA) (SAICA). Articles/training: QUALIFIED_BUT_ARTICLES_NOT_ESTABLISHED,Head of Finance: Mining,Head of Finance: Mining,S5 — Head,Afrimat,Afrimat,Unknown,City of Cape Town,Unknown,Western Cape,South Africa,https://www.linkedin.com/in/dirk-kotze-09818018/,Unknown,Unknown,Unknown,Unknown,Unknown,Unknown,Unknown,Unknown,Unknown,unknown,unknown,Unknown,Unknown,Unknown,Qualified; articles route not established,Unknown,MBA — Stellenbosch University — 2009–2012; B-Compt Hons — UNISA — 1999–2000; BRek — Stellenbosch University — 1996–1999,Unknown,Unknown,Unknown,Unknown,Unknown,Unknown,Unknown,Unknown,CONFIRMED,https://www.linkedin.com/in/dirk-kotze-09818018/,Unknown,2026-09-19,Unknown
acc-0893,Karli,Moore,Karli Moore,CONFIRMED,Academic qualifications: Bachelor of Accounting Honours — Accounting — Stellenbosch University — 2018–2019. Professional designation(s): CA(SA) (SAICA). Articles/training: QUALIFIED_BUT_ARTICLES_NOT_ESTABLISHED,Financial Accountant,Financial Accountant,S1 — Accounting / Specialist,Afrimat,Afrimat,Unknown,Cape Town,City of Cape Town Metro,Western Cape,South Africa,https://www.linkedin.com/in/karli-moore-ca-sa-24349b204/,Unknown,Unknown,Unknown,Unknown,Unknown,Unknown,Unknown,Unknown,Unknown,unknown,unknown,Unknown,Unknown,Unknown,Qualified; articles route not established,Unknown,Bachelor of Accounting Honours — Accounting — Stellenbosch University — 2018–2019,Unknown,Unknown,Unknown,Unknown,Unknown,Unknown,Unknown,Unknown,CONFIRMED,https://www.linkedin.com/in/karli-moore-ca-sa-24349b204/,Unknown,2026-09-19,Unknown
acc-0899,Mariette,Swart,Mariette Swart,CONFIRMED,Academic qualifications: CA(SA) — Stellenbosch University — 2002–2006; Associate's degree — Chartered Secretary — Chartered Secretaries Southern Africa — 2014–2015; Worcester Gymnasium — 1997–2001. Professional designation(s): CA(SA) (SAICA). Articles/training: QUALIFIED_BUT_ARTICLES_NOT_ESTABLISHED,Head of Finance - Construction Materials,Head of Finance - Construction Materials,S5 — Head,Afrimat,Afrimat,Unknown,City of Cape Town,Unknown,Western Cape,South Africa,https://www.linkedin.com/in/mariette-swart-23595541/,Unknown,Unknown,Unknown,Unknown,Unknown,Unknown,Unknown,Unknown,Unknown,unknown,unknown,Unknown,Unknown,Unknown,Qualified; articles route not established,Unknown,CA(SA) — Stellenbosch University — 2002–2006; Associate's degree — Chartered Secretary — Chartered Secretaries Southern Africa — 2014–2015; Worcester Gymnasium — 1997–2001,Unknown,Unknown,Unknown,Unknown,Unknown,Unknown,Unknown,Unknown,CONFIRMED,https://www.linkedin.com/in/mariette-swart-23595541/,Unknown,2026-09-19,Unknown
acc-0903,Pieter,De Wit,Pieter De Wit,CONFIRMED,"Academic qualifications: Emerging CFO: Strategic Financial Leadership Program — Stanford University Graduate School of Business — 2019–2019; Master of Business Administration (MBA) (cum laude) — Stellenbosch University — 2012–2015; ACIS — Company Secretary — ICSA — 2009–2011; Post Grad Cert in Tax — UNISA — 2003–2004; CA(SA) — SAICA — 2001–2002; HonsBCompt — Accounting, Auditing, Tax — UNISA — 1992–1998. Professional designation(s): CA(SA) (SAICA). Articles/training: QUALIFIED_BUT_ARTICLES_NOT_ESTABLISHED",Financial Director/CFO,Financial Director/CFO,S6 — Director,Afrimat,Afrimat,Unknown,City of Cape Town,Unknown,Western Cape,South Africa,https://www.linkedin.com/in/pieter-de-wit-4619b210/,Unknown,Unknown,Unknown,Unknown,Unknown,Unknown,Unknown,Unknown,Unknown,unknown,unknown,Unknown,Unknown,Unknown,Qualified; articles route not established,Unknown,"Emerging CFO: Strategic Financial Leadership Program — Stanford University Graduate School of Business — 2019–2019; Master of Business Administration (MBA) (cum laude) — Stellenbosch University — 2012–2015; ACIS — Company Secretary — ICSA — 2009–2011; Post Grad Cert in Tax — UNISA — 2003–2004; CA(SA) — SAICA — 2001–2002; HonsBCompt — Accounting, Auditing, Tax — UNISA — 1992–1998",Unknown,Unknown,Unknown,Unknown,Unknown,Unknown,Unknown,Unknown,CONFIRMED,https://www.linkedin.com/in/pieter-de-wit-4619b210/,Unknown,2026-09-19,Unknown
acc-0905,Samantha,Hanke,Samantha Hanke,CONFIRMED,Academic qualifications: Bachelor's degree — Accounting and Finance — University of the Free State — 2011–2015. Professional designation(s): CA(SA) (SAICA). Articles/training: QUALIFIED_BUT_ARTICLES_NOT_ESTABLISHED,Group Financial Manager,Group Financial Manager,S4 — Senior Manager / Group,Afrimat,Afrimat,Unknown,Cape Town,City of Cape Town Metro,Western Cape,South Africa,https://www.linkedin.com/in/samantha-hanke-ca-sa-b923b1166/,Unknown,Unknown,Unknown,Unknown,Unknown,Unknown,Unknown,Unknown,Unknown,unknown,unknown,Unknown,Unknown,Unknown,Qualified; articles route not established,Unknown,Bachelor's degree — Accounting and Finance — University of the Free State — 2011–2015,Unknown,Unknown,Unknown,Unknown,Unknown,Unknown,Unknown,Unknown,CONFIRMED,https://www.linkedin.com/in/samantha-hanke-ca-sa-b923b1166/,Unknown,2026-09-19,Unknown
acc-0910,Liezl,Barnard,Liezl Barnard,CONFIRMED,Academic qualifications: Chartered Accountant — Chartered Accountant — SAICA — 2007–2009; Bachelor of Commerce (B.Com.) — Accounting — University of Johannesburg — 2003–2006; Senior Certificate — Hoerskool Oosterland — 1997–2002. Professional designation(s): CA(SA) (SAICA). Articles/training: QUALIFIED_BUT_ARTICLES_NOT_ESTABLISHED,Financial Controller Financial Accounting and Reporting,Financial Controller Financial Accounting and Reporting,S3 — Manager,AfriSam,AfriSam,Unknown,Unknown,Unknown,Unknown,South Africa,https://www.linkedin.com/in/liezl-barnard-ca-sa-62448157/,Unknown,Unknown,Unknown,Unknown,Unknown,Unknown,Unknown,Unknown,Unknown,unknown,unknown,Unknown,Unknown,Unknown,Qualified; articles route not established,Unknown,Chartered Accountant — Chartered Accountant — SAICA — 2007–2009; Bachelor of Commerce (B.Com.) — Accounting — University of Johannesburg — 2003–2006; Senior Certificate — Hoerskool Oosterland — 1997–2002,Unknown,Unknown,Unknown,Unknown,Unknown,Unknown,Unknown,Unknown,CONFIRMED,https://www.linkedin.com/in/liezl-barnard-ca-sa-62448157/,Unknown,2026-09-19,Unknown
acc-0913,Ndivhuwo,Thomoli,Ndivhuwo Thomoli,CONFIRMED,"Academic qualifications: Bachelor of Accounting Science — Accounting, Taxation and Auditing — University of the Witwatersrand — 2011–2015. Professional designation(s): CA(SA) (SAICA). Articles/training: QUALIFIED_BUT_ARTICLES_NOT_ESTABLISHED",Consolidation Accountant,Consolidation Accountant,S1 — Accounting / Specialist,AfriSam,AfriSam,Unknown,City of Johannesburg,Unknown,Gauteng,South Africa,https://www.linkedin.com/in/ndivhuwo-thomoli-ca-sa-150766a8/,Unknown,Unknown,Unknown,Unknown,Unknown,Unknown,Unknown,Unknown,Unknown,unknown,unknown,Unknown,Unknown,Unknown,Qualified; articles route not established,Unknown,"Bachelor of Accounting Science — Accounting, Taxation and Auditing — University of the Witwatersrand — 2011–2015",Unknown,Unknown,Unknown,Unknown,Unknown,Unknown,Unknown,Unknown,CONFIRMED,https://www.linkedin.com/in/ndivhuwo-thomoli-ca-sa-150766a8/,Unknown,2026-09-19,Unknown
acc-0916,Pieter,Botha,Pieter Botha,CONFIRMED,Academic qualifications: MCom — Tax Law/Taxation — Rand Afrikaans University — 1989–1990; BCom Hons — Accounting — 1983–1984; BCom — Accounting — 1980–1982. Professional designation(s): CA(SA) (SAICA). Articles/training: QUALIFIED_BUT_ARTICLES_NOT_ESTABLISHED,Financial Controller - Operations,Financial Controller - Operations,S3 — Manager,AfriSam,AfriSam,Unknown,Unknown,Unknown,Unknown,South Africa,https://www.linkedin.com/in/pieter-botha-43351637/,Unknown,Unknown,Unknown,Unknown,Unknown,Unknown,Unknown,Unknown,Unknown,unknown,unknown,Unknown,Unknown,Unknown,Qualified; articles route not established,Unknown,MCom — Tax Law/Taxation — Rand Afrikaans University — 1989–1990; BCom Hons — Accounting — 1983–1984; BCom — Accounting — 1980–1982,Unknown,Unknown,Unknown,Unknown,Unknown,Unknown,Unknown,Unknown,CONFIRMED,https://www.linkedin.com/in/pieter-botha-43351637/,Unknown,2026-09-19,Unknown
acc-0972,Kershnee,Pillay Reddy,Kershnee Pillay Reddy,CONFIRMED,Academic qualifications: Honours cum laude — Accounting and Finance — University of KwaZulu-Natal — 2004; Bachelor’s Degree Summa Cum Laude — Accounting and Finance — University of KwaZulu-Natal — 2001–2003. Professional designation(s): CA(SA) (SAICA). Articles/training: QUALIFIED_BUT_ARTICLES_NOT_ESTABLISHED,"Head Group Treasury, Risk and Assurance","Head Group Treasury, Risk and Assurance",Unknown,PPC,PPC,Unknown,City of Johannesburg,Unknown,Gauteng,South Africa,https://www.linkedin.com/in/kershnee-reddy-ca-sa-b532004b/,Unknown,Unknown,Unknown,Unknown,Unknown,Unknown,Unknown,Unknown,Unknown,unknown,unknown,Unknown,Unknown,Unknown,Qualified; articles route not established,Unknown,Honours cum laude — Accounting and Finance — University of KwaZulu-Natal — 2004; Bachelor’s Degree Summa Cum Laude — Accounting and Finance — University of KwaZulu-Natal — 2001–2003,Unknown,Unknown,Unknown,Unknown,Unknown,Unknown,Unknown,Unknown,CONFIRMED,https://www.linkedin.com/in/kershnee-reddy-ca-sa-b532004b/,Unknown,2026-09-19,Unknown
acc-0973,Nompi,Morajane,Nompi Morajane,CONFIRMED,Academic qualifications: HDip. in Accounting (CTA) — University of the Witwatersrand; Bachelor of Accounting Science — University of the Witwatersrand; Chartered Accountant — SAICA. Professional designation(s): CA(SA) (SAICA). Articles/training: TRAINING_CONTRACT_CONFIRMED,Finance Manager - Cement SA and Botswana,Finance Manager - Cement SA and Botswana,S3 — Manager,PPC,PPC,Unknown,Johannesburg,City of Johannesburg Metro,Gauteng,South Africa,https://www.linkedin.com/in/nompi-morajane-ca-sa-778a34b5/,Unknown,Unknown,Unknown,Unknown,Unknown,Unknown,Unknown,Unknown,Unknown,unknown,unknown,Unknown,Unknown,KPMG,SAICA articles at KPMG (2013-01 to 2015-12),Unknown,HDip. in Accounting (CTA) — University of the Witwatersrand; Bachelor of Accounting Science — University of the Witwatersrand; Chartered Accountant — SAICA,Unknown,Unknown,Unknown,Unknown,Unknown,Unknown,Unknown,Unknown,CONFIRMED,https://www.linkedin.com/in/nompi-morajane-ca-sa-778a34b5/,Unknown,2026-09-19,Unknown
acc-0987,Tommie,Koeries,Tommie Koeries,CONFIRMED,"Academic qualifications: MPhil Corporate Strategy — GIBS; BCompt Hons/CTA — UNISA; BCom Hons Accounting — UKZN; BCom Accounting — UWC. Professional designation(s): CA(SA), ACMA, CGMA (SAICA, CIMA). Articles/training: QUALIFIED_BUT_ARTICLES_NOT_ESTABLISHED",Financial Director,Financial Director,S6 — Director,Much Asphalt,Much Asphalt,Unknown,Cape Town,City of Cape Town Metro,Western Cape,South Africa,https://www.linkedin.com/in/tommie-koeries-366bb433/,Unknown,Unknown,Unknown,Unknown,Unknown,Unknown,Unknown,Unknown,Unknown,unknown,unknown,Unknown,Unknown,Unknown,Qualified; articles route not established,Unknown,MPhil Corporate Strategy — GIBS; BCompt Hons/CTA — UNISA; BCom Hons Accounting — UKZN; BCom Accounting — UWC,Unknown,Unknown,Unknown,Unknown,Unknown,Unknown,Unknown,Unknown,CONFIRMED,https://www.linkedin.com/in/tommie-koeries-366bb433/,Unknown,2026-09-20,Financial Director; current Much Asphalt executive.
acc-1001,Terri,Ladbrooke,Terri Ladbrooke,CONFIRMED,"Current Libstar leadership page identifies Terri Ladbrooke as Chief Financial Officer; Excel master records BBusSc Finance (UCT), BAccSc Hons (UNISA) and CA(SA). Articles/training route not established.",Chief Financial Officer,Chief Financial Officer,S7 — CFO,Libstar,Libstar,Unknown,Cape Town,City of Cape Town Metro,Western Cape,South Africa,Unknown,Food manufacturing,Unknown,Consumer & FMCG,Consumer & FMCG,Agriculture & Agri-processing,Retail & Wholesale,Logistics & Supply Chain,Unknown,Unknown,unknown,unknown,Unknown,Unknown,Unknown,Qualified; articles route not established,Unknown,BBusSc Finance — University of Cape Town,Food manufacturing,Unknown,Unknown,Unknown,Unknown,Unknown,Unknown,Unknown,CONFIRMED,https://www.libstar.co.za/about-us/leadership/,Unknown,2026-09-19,Source-verified current CFO; SAICA articles not inferred from CA(SA).
acc-1002,Tjaart,Kruger,Tjaart Kruger,CONFIRMED,"Tiger Brands Integrated Annual Report 2024 - executive committee: ""TJAART KRUGER 64, Chief executive officer, appointed November 2023. Qualifications: CA(SA), PMD. Tjaart is a CA(SA) with a PMD from Harvard Business School...""",Chief Executive Officer,Chief Executive Officer,S8 — Broader Executive,Tiger Brands Limited,Tiger Brands,Unknown,Sandton,City of Johannesburg Metro,Gauteng,South Africa,Unknown,FMCG,"Food, home and personal care manufacturing",Consumer & FMCG,Consumer & FMCG,Retail & Wholesale,Logistics & Supply Chain,Industrial & Manufacturing,JSE Listed,JSE Listed,true,false,Unknown,JSE Listed; Listed Company; South African Group; Manufacturing; Multi-site; High Inventory; B2C; FMCG Route-to-Market,Unknown,Qualified; articles route not established,Unknown,Unknown,Food Manufacturing > Industrial Manufacturing > FMCG,Tiger Brands,Managing Executive: Pharmaceuticals and Grains,FMCG,ICS Foods Limited (now Astral Foods),Divisional Managing Director,Food Manufacturing,PROBABLE,CONFIRMED,https://www.tigerbrands-ir-digital.com/reports/2024/Tiger-Brands-IAR-2024/our-executive-committee.php,Unknown,2026-10-01,Employer evidence is the FY2024 integrated report (as at 30 September 2024). Location shown as Gauteng/Sandton on the basis of Tiger Brands' Johannesburg head office; individual's city not stated by the source.
acc-1003,Thushen,Govender,Thushen Govender,CONFIRMED,"Tiger Brands Integrated Annual Report 2024 - executive committee: ""THUSHEN GOVENDER 48, Chief financial officer, appointed January 2024. Qualifications: CA(SA), MBA. Thushen re-joined Tiger Brands from Aspen Pharmacare, where he was group commercial officer...""",Chief Financial Officer,Chief Financial Officer,S7 — CFO,Tiger Brands Limited,Tiger Brands,Unknown,Sandton,City of Johannesburg Metro,Gauteng,South Africa,Unknown,FMCG,"Food, home and personal care manufacturing",Consumer & FMCG,Consumer & FMCG,Retail & Wholesale,Logistics & Supply Chain,Industrial & Manufacturing,JSE Listed,JSE Listed,true,false,Listed Reporting; Commercial Finance; Investor Relations,JSE Listed; Listed Company; South African Group; Manufacturing; Multi-site; High Inventory; B2C; FMCG Route-to-Market,Unknown,Qualified; articles route not established,Unknown,Unknown,Pharmaceuticals > Food Manufacturing > FMCG,Tiger Brands,"Group Strategy, Investor Relations and Business Development Executive",FMCG,Pioneer Foods Group,Executive (international strategy and global exports),Food Manufacturing,PROBABLE,CONFIRMED,https://www.tigerbrands-ir-digital.com/reports/2024/Tiger-Brands-IAR-2024/our-executive-committee.php,Unknown,2026-10-01,Finance-environment tags trace to stated responsibilities (group commercial officer; investor relations and business development executive) rather than title alone. Employer evidence FY2024 integrated report.
acc-1004,Dumo,Mfini,Dumo Mfini,CONFIRMED,"Tiger Brands Integrated Annual Report 2024 - executive committee: ""DUMO MFINI 37, Managing director: Culinary, appointed February 2024. Qualifications: CA(SA), Post-graduate Diploma in Accounting, BAcc... As finance director: Enterprise Food... As finance director: Culinary division...""",Managing Director: Culinary,Managing Director: Culinary,S8 — Broader Executive,Tiger Brands Limited,Tiger Brands,Culinary,Sandton,City of Johannesburg Metro,Gauteng,South Africa,Unknown,FMCG,Food manufacturing,Consumer & FMCG,Consumer & FMCG,Retail & Wholesale,Logistics & Supply Chain,Industrial & Manufacturing,JSE Listed,JSE Listed,true,false,Commercial Finance,JSE Listed; Listed Company; South African Group; Manufacturing; Multi-site; High Inventory; B2C; FMCG Route-to-Market,Unknown,Qualified; articles route not established,Unknown,Unknown,FMCG,PepsiCo,Finance/commercial role (joined Tiger Brands from PepsiCo in 2016),FMCG,Tiger Brands,Managing Director: Cereals,FMCG,PROBABLE,CONFIRMED,https://www.tigerbrands-ir-digital.com/reports/2024/Tiger-Brands-IAR-2024/our-executive-committee.php,Unknown,2026-10-01,"Finance-to-general-management pathway documented in the integrated report (finance director of two divisions, then MD Cereals, then MD Culinary)."
acc-1005,Grant,Pereira,Grant Pereira,CONFIRMED,"Tiger Brands Integrated Annual Report 2024 - executive committee: ""GRANT PEREIRA 52, Managing director: Snacks, Treats and Beverages, appointed May 2024. Qualifications: Bachelor of Business Science (Finance), Post-graduate Diploma in Accounting and Auditing, CA(SA). ... Before joining the company, Grant was the director for Adjacencies at AB InBev...""","Managing Director: Snacks, Treats and Beverages","Managing Director: Snacks, Treats and Beverages",S8 — Broader Executive,Tiger Brands Limited,Tiger Brands,"Snacks, Treats and Beverages",Sandton,City of Johannesburg Metro,Gauteng,South Africa,Unknown,FMCG,"Snacks, treats and beverages",Consumer & FMCG,Consumer & FMCG,Retail & Wholesale,Logistics & Supply Chain,Industrial & Manufacturing,JSE Listed,JSE Listed,true,false,Commercial Finance,JSE Listed; Listed Company; South African Group; Manufacturing; Multi-site; High Inventory; B2C; FMCG Route-to-Market,Unknown,Qualified; articles route not established,Unknown,Unknown,Beverage Manufacturing > FMCG,Tiger Brands,Managing Director: Snacks and Treats,FMCG,AB InBev,"Director for Adjacencies (Beyond Beer, South Africa and nine African markets)",Beverage Manufacturing,PROBABLE,CONFIRMED,https://www.tigerbrands-ir-digital.com/reports/2024/Tiger-Brands-IAR-2024/our-executive-committee.php,Unknown,2026-10-01,Integration-report biography describes a commercial executive combining marketing and finance leadership roles.
acc-1006,Robert,Field,Robert Field,CONFIRMED,"RCL Foods Annual Financial Statements FY2025: ""The Annual Financial Statements were compiled under the supervision of Robert Field, CA(SA)"" and the audit committee assessment of ""Robert Field and the Finance function""; CFO South Africa profile: ""Rob Field is a Chartered Accountant (SA) who qualified with Deloitte in Durban... appointed CFO of RCL Foods in July 2004"".",Chief Financial Officer and Executive Director,Chief Financial Officer,S7 — CFO,RCL Foods Limited,RCL Foods (Remgro),Unknown,Westville,eThekwini Metro,KwaZulu-Natal,South Africa,Unknown,Food Manufacturing,"Groceries, baking and sugar",Consumer & FMCG,Consumer & FMCG,Agriculture & Agri-processing,Retail & Wholesale,Logistics & Supply Chain,JSE Listed,JSE Listed,true,false,Listed Reporting; Group Reporting; IFRS; Supply Chain Finance,JSE Listed; Listed Company; South African Group; Manufacturing; Multi-site; High Inventory; Distribution; B2C; B2B,Deloitte (Durban),SAICA articles at Deloitte (Durban) (pre-1997),Unknown,Unknown,Food Manufacturing > FMCG > Accounting / Audit > Food Manufacturing,Deloitte,Audit Manager (articles),Accounting / Audit,Robertsons Homecare (Pty) Ltd,Commercial Director,FMCG,CONFIRMED,CONFIRMED,https://rclfoods.com/wp-content/uploads/2025/09/2025-Annual-Financial-Statements.pdf,https://cfo.co.za/profiles/rob-field/,2026-10-01,"Group Financial Manager and Commercial Director history supports commercial/operational finance tags. RCL Foods' remaining business after the 2023 Vector disposal and 2024 Rainbow unbundling comprises Groceries, Baking, Sugar and Group services."
acc-1007,Jacobus,Gertenbach,Kobus Gertenbach,CONFIRMED,"Premier Group (JSE: PMR) executive profile: ""Mr. Jacobus Johannes Gertenbach, also known as Kobus, BCompt (Honours), MCom, CA (SA), serves as an Executive Director at Premier Group Limited since April 1, 2021 and is its Chief Executive Officer.""",Chief Executive Officer and Executive Director,Chief Executive Officer,S8 — Broader Executive,Premier Group Limited,Premier Group,Unknown,Waterfall,City of Johannesburg Metro,Gauteng,South Africa,Unknown,Food Manufacturing,"Millbake, groceries and international",Consumer & FMCG,Consumer & FMCG,Agriculture & Agri-processing,Retail & Wholesale,Logistics & Supply Chain,JSE Listed,JSE Listed,true,false,Unknown,JSE Listed; Listed Company; South African Group; Manufacturing; Multi-site; High Inventory; B2C; FMCG Route-to-Market,Unknown,Qualified; articles route not established,Unknown,Unknown,Food Manufacturing,Unknown,Unknown,Unknown,Unknown,Unknown,Unknown,CONFIRMED,CONFIRMED,https://simplywall.st/stocks/za/food-beverage-tobacco/jse-pmr/premier-group-shares/management,Unknown,2026-10-01,Premier Group listed on the JSE in March 2023; historically associated with the Brait/ Nespers portfolio. Location shown as the group's Waterfall head office.
acc-1008,Fritz,Grobbelaar,Fritz Grobbelaar,CONFIRMED,"Premier Group executive profile: ""Fritz Grobbelaar BCOMPT, C.A. - Chief Financial Officer and Executive Director"" (appointed 2021-08-01).",Chief Financial Officer and Executive Director,Chief Financial Officer,S7 — CFO,Premier Group Limited,Premier Group,Unknown,Waterfall,City of Johannesburg Metro,Gauteng,South Africa,Unknown,Food Manufacturing,"Millbake, groceries and international",Consumer & FMCG,Consumer & FMCG,Agriculture & Agri-processing,Retail & Wholesale,Logistics & Supply Chain,JSE Listed,JSE Listed,true,false,Listed Reporting; Group Reporting; IFRS,JSE Listed; Listed Company; South African Group; Manufacturing; Multi-site; High Inventory; B2C; FMCG Route-to-Market,Unknown,Qualified; articles route not established,Unknown,Unknown,Food Manufacturing,Unknown,Unknown,Unknown,Unknown,Unknown,Unknown,CONFIRMED,CONFIRMED,https://stockanalysis.com/quote/jse/PMR/company/,Unknown,2026-10-01,"Designation appears as ""C.A."" in the executive listing and the group's CA(SA) qualification is consistent with the CFO role; marked CONFIRMED on the explicit CA annotation plus JSE CFO disclosure."
acc-1009,Kenny,Schoeman,Kenny Schoeman,CONFIRMED,"Astral Foods executive management page: ""Kenny\u2019s qualifications are CA(SA), ACMA, GCMA and LLB. He started his career with Astral in 2010 as Financial Manager: Feed Division, Mozambique... 2022 he was promoted to Business Development Manager of the Group. Kenny was appointed as Managing Director of Agriculture on 1 July 2024, and was appointed as Poultry Processing Executive with effect from 1 February 2025.""",Poultry Processing Executive,Poultry Processing Executive,S8 — Broader Executive,Astral Foods Limited,Astral Foods,Unknown,Centurion,City of Tshwane Metro,Gauteng,South Africa,Unknown,Food Manufacturing,Poultry and animal feed,Consumer & FMCG,Consumer & FMCG,Agriculture & Agri-processing,Retail & Wholesale,Logistics & Supply Chain,JSE Listed,JSE Listed,true,true,Manufacturing Finance; Cost Accounting; Operational Finance,JSE Listed; Listed Company; South African Group; Multinational; Manufacturing; Vertically Integrated; Multi-site; B2B; B2C,Unknown,Qualified; articles route not established,Unknown,Unknown,Food Manufacturing,Astral Foods,Managing Director of Agriculture,Food Manufacturing,Astral Foods,Business Development Manager of the Group,Food Manufacturing,CONFIRMED,CONFIRMED,https://www.astralfoods.com/executive-management.html,Unknown,2026-10-01,Multi-designation CA(SA)+ACMA+CGMA. Career shows a finance-to-operations executive pathway inside one listed poultry group.
acc-1010,Gideon Johannes,Geel,Johan Geel,CONFIRMED,"Astral Foods SENS announcement reported via company-announcement coverage: ""The company named Mr. Gideon Johannes (Johan) Geel as permanent Chief Financial Officer, effective March 1, 2026... Johan Geel, a Chartered Accountant (SA), joins from his role as CFO at AFGRI Limited, bringing experience across FMCG, retail, manufacturing, agro processing, grain management, trading, financing, logistics and agricultural production.""",Chief Financial Officer and Executive Director (from 1 March 2026),Chief Financial Officer,S7 — CFO,Astral Foods Limited,Astral Foods,Unknown,Centurion,City of Tshwane Metro,Gauteng,South Africa,Unknown,Food Manufacturing,Poultry and animal feed,Consumer & FMCG,Consumer & FMCG,Agriculture & Agri-processing,Retail & Wholesale,Logistics & Supply Chain,JSE Listed,JSE Listed,true,true,Group Reporting; Commercial Finance; Working Capital,JSE Listed; Listed Company; South African Group; Manufacturing; Multi-site; High Inventory; B2C; FMCG Route-to-Market; Vertically Integrated,Unknown,Qualified; articles route not established,Unknown,Unknown,Agriculture > Food Manufacturing,AFGRI Limited,Chief Financial Officer,Agriculture,Unknown,Unknown,Unknown,CONFIRMED,PROBABLE,https://simplywall.st/community/narratives/za/food-beverage-tobacco/jse-arl/astral-foods-shares/0brw8lqv-better-south-african-crops-will-fuel-poultry-resurgence/updates/5-analysts-have-kept-their-zar26500-price-target-on-astral-fo,Unknown,2026-10-01,Record reflects the announced appointment effective 1 March 2026. Source is secondary coverage of the SENS announcement; primary SENS document not captured in this pass.
acc-1011,Henry,Enslin,Henry Enslin,CONFIRMED,"Astral Foods board announcement: ""the Board of Directors of Astral Foods has appointed Mr. Henry Enslin CA(SA) to serve as the acting CFO (not a director) of Astral Foods... Henry currently holds the position of Financial Manager for Astral\u2019s Poultry Commercial Division. Henry previously held a position as Financial Director of Albany Bakeries a division of Tiger Brands, before joining Astral Foods.""","Financial Manager: Poultry Commercial Division (acting CFO, February 2026)",Financial Manager,S3 — Manager,Astral Foods Limited,Astral Foods,Poultry Commercial Division,Centurion,City of Tshwane Metro,Gauteng,South Africa,Unknown,Food Manufacturing,Poultry and animal feed,Consumer & FMCG,Consumer & FMCG,Agriculture & Agri-processing,Retail & Wholesale,Logistics & Supply Chain,JSE Listed,JSE Listed,true,true,Commercial Finance; Operational Finance; Manufacturing Finance,JSE Listed; Listed Company; South African Group; Manufacturing; Multi-site; High Inventory; B2C; FMCG Route-to-Market,Unknown,Qualified; articles route not established,Unknown,Unknown,Food Manufacturing,Albany Bakeries (Tiger Brands),Financial Director,Food Manufacturing,Unknown,Unknown,Unknown,CONFIRMED,CONFIRMED,https://www.marketscreener.com/news/astral-foods-limited-announces-appointment-of-henry-enslin-as-acting-cfo-effective-2026-ce7e58ddd080fe24,Unknown,2026-10-01,Substantive role is Financial Manager (S3); the acting-CFO appointment for February 2026 is a temporary elevation and is not used to set the seniority band.
acc-1012,Riaan,Koppeschaar,Riaan Koppeschaar,CONFIRMED,"Exxaro leadership page: ""RIAAN KOPPESCHAAR, FINANCE DIRECTOR. BCom (Hons), CA (SA), Advanced Management Programme (INSEAD), Advanced Certificate in Taxation, Advanced Certificate in Treasury Management. Riaan Koppeschaar completed his articles at Coopers & Lybrand in 1995... In July 2016, Koppeschaar was appointed Finance Director.""",Finance Director,Finance Director,S6 — Director,Exxaro Resources Limited,Exxaro Resources,Unknown,Centurion,City of Tshwane Metro,Gauteng,South Africa,Unknown,Mining,Coal and minerals,Mining & Resources,Mining & Resources,Industrial & Manufacturing,Energy & Utilities,Construction & Building Materials,JSE Listed,JSE Listed,true,false,Treasury; Corporate Finance; Capital Management; Debt Funding,JSE Listed; Listed Company; South African Group; Asset Intensive; Regulated; B2B; Import / Export; Multi-site; Vertically Integrated,Coopers & Lybrand,SAICA articles at Coopers & Lybrand (completed 1995),Unknown,Unknown,Mining,Exxaro Resources,General Manager: Corporate Finance and Treasury,Mining,Kumba Resources Limited,Managerial roles,Mining,CONFIRMED,CONFIRMED,https://www.exxaro.com/our-business/leadership/,Unknown,2026-10-01,Tenure in corporate finance and treasury before the FD appointment supports the treasury/capital-management tags. Also served as Exxaro acting CEO during the 2025 CEO transition.
acc-1013,Deon,Smith,Deon Smith,CONFIRMED,"Thungela ""Who we are"" leadership page: ""Deon Smith, Chief financial officer, executive director. BCom (Hons), CA (SA), CTA. Appointed 1 July 2017... Deon was previously the Chief Financial Officer of Anglo American\u2019s coal business... responsible for several finance functions across Anglo American and its divisions over 14 years including corporate finance, capital management, shared accounting services and risk and audit.""",Chief Financial Officer and Executive Director,Chief Financial Officer,S7 — CFO,Thungela Resources Limited,Thungela Resources,Unknown,Johannesburg,City of Johannesburg Metro,Gauteng,South Africa,Unknown,Mining,Thermal coal,Mining & Resources,Mining & Resources,Industrial & Manufacturing,Energy & Utilities,Construction & Building Materials,JSE Listed,JSE Listed,true,false,Corporate Finance; Capital Management; Shared Services; Risk; Internal Audit; Listed Reporting,JSE Listed; Listed Company; South African Group; Asset Intensive; Regulated; B2B; Import / Export,Unknown,Qualified; articles route not established,Unknown,Unknown,Mining,Anglo American,"Chief Financial Officer, coal business; then strategy and business development",Mining,Unknown,Unknown,Unknown,CONFIRMED,CONFIRMED,https://www.thungela.com/about-us/who-we-are,Unknown,2026-10-01,Thungela was demerged from Anglo American in 2021; the CFO role carried across the demerger.
acc-1014,Xolani,Mbambo,Xolani Mbambo,CONFIRMED,"Mining Review: ""Kumba appoints Grindrod CEO Xolani Mbambo as CFO from 2026... Xolani Mbambo, currently CEO of Grindrod Limited, will succeed him as CFO from 1 January 2026... Mbambo is a seasoned executive, holding a Chartered Accountant (CA[SA]) qualification and an Advanced Management Programme (AMP) from Harvard Business School. He brings over 20 years of experience in mining, logistics, and finance, having held senior roles at Grindrod and previously at Anglo American.""",Chief Financial Officer and Executive Director (from 1 January 2026),Chief Financial Officer,S7 — CFO,Kumba Iron Ore Limited,Anglo American,Unknown,Centurion,City of Tshwane Metro,Gauteng,South Africa,Unknown,Mining,Iron ore,Mining & Resources,Mining & Resources,Industrial & Manufacturing,Energy & Utilities,Construction & Building Materials,JSE Listed,JSE Listed,true,true,Corporate Finance; Business Partnering,JSE Listed; Listed Company; South African Group; Asset Intensive; Regulated; B2B; Import / Export; Multinational,Unknown,Qualified; articles route not established,Unknown,Unknown,Mining > Logistics > Mining,Grindrod Limited,Chief Executive Officer,Logistics,Grindrod Limited,Group Financial Director,Logistics,CONFIRMED,CONFIRMED,https://www.miningreview.com/news/kumba-appoints-grindrod-ceo-xolani-mbambo-as-cfo-from-2026/,Unknown,2026-10-01,A documented Mining > Logistics > Mining talent flow; Grindrod CEO until 30 November 2025 (per Grindrod FY2025 AFS).
acc-1015,Fathima,Ally,Fathima Ally,CONFIRMED,"Grindrod Limited FY2025 Annual Financial Statements (signed 1 April 2026, Durban): ""Fathima Ally CA (SA), Chief Financial Officer (CFO)"". Grindrod IAR FY2021: ""Fathima Ally, CFO, Grindrod Limited, CA(SA), appointed 1 September 2020. Before joining Grindrod, Fathima was a partner at Deloitte from 2013.""",Chief Financial Officer and Executive Director,Chief Financial Officer,S7 — CFO,Grindrod Limited,Grindrod,Unknown,Durban,eThekwini Metro,KwaZulu-Natal,South Africa,Unknown,Logistics,"Ports, terminals and freight",Logistics & Supply Chain,Logistics & Supply Chain,Retail & Wholesale,Consumer & FMCG,Industrial & Manufacturing,JSE Listed,JSE Listed,true,true,Listed Reporting; Group Reporting; Audit; Risk; Governance,JSE Listed; Listed Company; South African Group; Asset Intensive; Multi-site; B2B; Fleet Intensive; Import / Export; Multinational,Deloitte (partner 2013-2020),SAICA articles at Deloitte (partner 2013-2020),Unknown,Unknown,Professional Services > Logistics,Deloitte,Partner (assurance); worked with multinational listed companies,Professional Services,Unknown,Unknown,Unknown,CONFIRMED,CONFIRMED,https://www.grindrod.com/share_holder_documents/document_2586/Grindrod-Limited-2025-Signed-Final-AFS-31-December-2025.pdf,https://www.grindrod.com/iar/2021/about-grindrod,2026-10-01,Durban signatory in the FY2025 AFS confirms work location at province/city level.
acc-1016,Peter,Mountford,Peter Mountford,CONFIRMED,"Super Group ""Our Leadership"" page: ""Peter Mountford (67) B.Com, B.Acc, HDip Tax, MBA (with distinction, Warwick), CA(SA), Chief Executive Officer... his executive experience includes Managing Director of SAB Diversified Beverages, CEO of the Consumer Logistics Division at Imperial Holdings Limited and Managing Director of Super Group\u2019s Logistics and Transport Division.""",Chief Executive Officer,Chief Executive Officer,S8 — Broader Executive,Super Group Limited,Super Group,Unknown,Sandton,City of Johannesburg Metro,Gauteng,South Africa,Unknown,Logistics,Logistics and mobility solutions,Logistics & Supply Chain,Logistics & Supply Chain,Retail & Wholesale,Consumer & FMCG,Industrial & Manufacturing,JSE Listed,JSE Listed,true,true,Corporate Finance,JSE Listed; Listed Company; South African Group; Asset Intensive; Multi-site; B2B; Fleet Intensive; Multinational; Import / Export,Unknown,Qualified; articles route not established,Unknown,Unknown,Beverage Manufacturing > Logistics,Super Group,Managing Director: Logistics and Transport Division,Logistics,Imperial Holdings,CEO: Consumer Logistics Division,Logistics,CONFIRMED,CONFIRMED,https://www.supergroup.co.za/our-leadership/,Unknown,2026-10-01,Also Deputy Chairman of the Road Freight Association (industry body).
acc-1017,Colin,Brown,Colin Brown,CONFIRMED,"Super Group ""Our Leadership"" page: ""Colin Brown (56) B.Compt (Hons), MBL, CA(SA), Chief Financial and Debt Officer. Colin is an experienced financial executive and board director... Since his appointment as CFO in 2010, he has overseen all accounting and finance functions for the Group... His previous roles include CFO and board member of Celcom Group Limited, and Financial Director for EDS Africa Limited and Fujitsu Services South Africa.""",Chief Financial Officer and Debt Officer,Chief Financial Officer,S7 — CFO,Super Group Limited,Super Group,Unknown,Sandton,City of Johannesburg Metro,Gauteng,South Africa,Unknown,Logistics,Logistics and mobility solutions,Logistics & Supply Chain,Logistics & Supply Chain,Retail & Wholesale,Consumer & FMCG,Industrial & Manufacturing,JSE Listed,JSE Listed,true,true,Group Reporting; Listed Reporting; Debt Funding; Treasury,JSE Listed; Listed Company; South African Group; Asset Intensive; Multi-site; B2B; Fleet Intensive; Multinational,Unknown,Qualified; articles route not established,Unknown,MBL (UNISA),Telecommunications > Technology > Logistics,Fujitsu Services South Africa,Financial Director,Technology,EDS Africa Limited,Financial Director,Technology,CONFIRMED,CONFIRMED,https://www.supergroup.co.za/our-leadership/,Unknown,2026-10-01,Debt Officer designation supports treasury/debt-funding tags.
acc-1018,Mohammed,Akoojee,Mohammed Akoojee,CONFIRMED,"DP World/Imperial leadership page: ""Mohammed Akoojee, CEO & MD: sub-Saharan Africa at DP World. Qualifications: BCom (Acc) (Hons), CA(SA), CFA. Mohammed Akoojee serves as the CEO & MD of DP World\u2019s sub-Saharan Africa region... He previously served as the Chief Operating Officer of DP World Global Logistics and as the Chief Executive Officer of Imperial Logistics (Imperial)...""",CEO and Managing Director: sub-Saharan Africa,Chief Executive Officer,S8 — Broader Executive,DP World,DP World,Sub-Saharan Africa,Johannesburg,City of Johannesburg Metro,Gauteng,South Africa,Unknown,Logistics,"Ports, terminals and integrated logistics",Logistics & Supply Chain,Logistics & Supply Chain,Retail & Wholesale,Consumer & FMCG,Industrial & Manufacturing,Multinational Private,Multinational,false,true,Corporate Finance; M&A; Investor Relations; Business Partnering,Multinational; Private Company; Asset Intensive; Multi-site; B2B; Import / Export; Retail Network,Unknown,Qualified; articles route not established,Unknown,Unknown,Logistics,DP World Global Logistics,Chief Operating Officer,Logistics,Imperial Logistics,Chief Executive Officer,Logistics,CONFIRMED,CONFIRMED,https://www.imperiallogistics.com/leadership.php,Unknown,2026-10-01,DP World acquired Imperial Logistics in 2022; region covers 48 African markets. CFO-level and CEO-level finance background (CFA charterholder).
acc-1019,Melani,De Castro,Melani De Castro,CONFIRMED,"Crookes Brothers (JSE: CKS) audited AFS FY2026: ""prepared under the supervision of Melani De Castro, CA(SA)... Melani De Castro was appointed as Chief Financial Officer and Executive Director of the Company with effect from 1 April 2026."" Crookes Brothers AFS 2018 preparer line: ""by Nigel Naidoo CA(SA), assisted by Melani De Castro CA(SA) under the supervision of Gregory Veale CA(SA)"".",Chief Financial Officer and Executive Director (from 1 April 2026),Chief Financial Officer,S7 — CFO,Crookes Brothers Limited,Crookes Brothers,Unknown,Unknown,Unknown,KwaZulu-Natal,South Africa,Unknown,Agriculture,"Sugar cane, bananas, macadamias and property",Agriculture & Agri-processing,Agriculture & Agri-processing,Consumer & FMCG,Logistics & Supply Chain,Banking & Lending,JSE Listed,JSE Listed,true,true,Listed Reporting; Group Reporting; IFRS; Statutory Reporting,JSE Listed; Listed Company; South African Group; Asset Intensive; Import / Export; B2B; Multi-site; Multinational; Project Based,Unknown,SAICA articles,Unknown,Unknown,Agriculture,Crookes Brothers,"Project accountant, rising through the finance function",Agriculture,Unknown,Unknown,Unknown,CONFIRMED,CONFIRMED,https://senspdf.jse.co.za/documents/2026/jse/isse/cks/cbl2026.pdf,https://cfo.co.za/people-moves/,2026-10-01,Province recorded as KwaZulu-Natal (PROBABLE) because Crookes Brothers is a KwaZulu-Natal-based agricultural group; the individual's own city is not stated in the sources. CFO.co.za describes an eight-year climb from project accountant.
acc-1020,Zaf,Mahomed,Zaf Mahomed,CONFIRMED,"Oceana Group leadership page and Leadership magazine interview: ""Zaf is a Chartered Accountant (SA) and holds an MBL from UNISA School of Business Leadership; BCom (Hons) from UNISA and BCom from University of Natal. Zaf took up his role as Oceana\u2019s CFO and Executive Director of the Oceana Board effective from 1 February 2023... more than 25 years of finance and business experience across multinational and listed companies... telecommunications, food franchise, retail, financial services, real estate and property, food, medical.""",Chief Financial Officer and Executive Director,Chief Financial Officer,S7 — CFO,Oceana Group Limited,Oceana Group,Unknown,Cape Town,City of Cape Town Metro,Western Cape,South Africa,Unknown,Food Processing,"Fishing, canned fish and cold storage",Consumer & FMCG,Consumer & FMCG,Unknown,Unknown,Unknown,JSE Listed,JSE Listed,true,true,Listed Reporting; Group Reporting; Commercial Finance; Working Capital,JSE Listed; Listed Company; South African Group; Multinational; Manufacturing; Import / Export; B2B; B2C; Asset Intensive,Unknown,Qualified; articles route not established,Unknown,MBL (UNISA),Food Processing,Unknown,Unknown,Unknown,Unknown,Unknown,Unknown,CONFIRMED,CONFIRMED,https://www.oceana.co.za/about-leadership,https://www.leadershiponline.co.za/nothing-lucky-about-these-stars-driving-the-oceana-group/,2026-10-01,"Broad cross-industry finance background documented in the Leadership magazine interview; Oceana owns Lucky Star and cold-chain operations, supporting the cold-storage tag."
acc-1021,Thato,Moloele,Thato Moloele,CONFIRMED,"AfroCentric Group leadership page: ""Thato Moloele, Executive Director / Group Chief Financial Officer, appointed 01 February 2025. Qualifications: CA(SA)... Mr. Moloele, a qualified Chartered Accountant (South Africa), is an experienced finance professional and a seasoned corporate financier. He has held several senior positions during his career at Sanlam Limited, the Momentum Group and Deloitte.""",Executive Director and Group Chief Financial Officer,Group Chief Financial Officer,S7 — CFO,AfroCentric Group,AfroCentric Group,Unknown,Unknown,Unknown,Unknown,South Africa,Unknown,Healthcare,Healthcare administration and medical schemes,Healthcare & Life Sciences,Healthcare & Life Sciences,Insurance,Professional Services,Retail & Wholesale,JSE Listed,JSE Listed,true,false,Corporate Finance; M&A; Group Reporting,JSE Listed; Listed Company; South African Group; Regulated; Multi-entity; B2B; B2C,Unknown,Qualified; articles route not established,Unknown,Unknown,Professional Services > Insurance > Healthcare,Sanlam Limited,Senior position (corporate finance),Insurance,Momentum Group,Senior position,Insurance,CONFIRMED,CONFIRMED,https://www.afrocentric.za.com/about-us/our-leadership/,Unknown,2026-10-01,Location left Unknown: the source does not state the individual's city/province. Financial services to healthcare is a documented talent flow.
acc-1022,Praneel,Nundkumar,Praneel Nundkumar,CONFIRMED,"CFO South Africa profile and appointment announcement: ""Praneel Nundkumar has been the CFO of Mr Price since 1 August 2023... He started his career as an auditor at PwC, where he qualified as a chartered accountant... Before Mr Price, Praneel served as the chief operations and financial officer at the Durban Chamber of Commerce and Industry and as a financial services manager of IT Dynamics."" Appointment report: ""Praneel holds a BCom and MBA from the University of KwaZulu-Natal and is a qualified CA(SA).""",Group Chief Financial Officer,Group Chief Financial Officer,S7 — CFO,Mr Price Group Limited,Mr Price Group,Unknown,Durban,eThekwini Metro,KwaZulu-Natal,South Africa,Unknown,Fashion Retail,"Omnichannel apparel, homeware and sportswear retail",Retail & Wholesale,Retail & Wholesale,Unknown,Unknown,Unknown,JSE Listed,JSE Listed,true,false,Retail Finance; Listed Reporting; Group Reporting; Commercial Finance; Revenue Management,JSE Listed; Listed Company; South African Group; Retail Network; Multi-site; High Inventory; B2C; Regulated; Franchise; Multi-entity,PwC,SAICA articles at PwC (2006-2009),Unknown,BCom (UKZN),Accounting / Audit > Technology > Industry Association > Fashion Retail > Financial Services > Fashion Retail,Mr Price Money,Managing Director,Financial Services,Mr Price Money,Financial Director,Financial Services,CONFIRMED,CONFIRMED,https://cfo.co.za/profiles/praneel-nundkumar/,https://cfo.co.za/articles/praneel-nundkumar-new-mr-price-cfo/,2026-10-01,"Full career path documented by CFO South Africa, including articles at PwC and the internal route through Mr Price Money."
acc-1023,Gordon,Traill,Gordon Traill,CONFIRMED,"Clicks Group audited annual financial statements FY2023: ""These are the audited annual financial statements of the group and the company... prepared under the supervision of the chief financial officer, G Traill (CA)"" and ""Chief financial officer: Gordon Traill"" (Clicks Group board page). GlobalData executive profile records his internal progression: joined the company in 2006 as Head of Internal Audit, promoted to Head of Group Finance, Head of finance for the retail business in 2014, Chief Support Services Officer, then CFO from 2023.",Chief Financial Officer and Chief Support Services Officer,Chief Financial Officer,S7 — CFO,Clicks Group Limited,Clicks Group,Unknown,Cape Town,City of Cape Town Metro,Western Cape,South Africa,Unknown,Pharmaceutical Retail,"Health, beauty and pharmacy retail and wholesale",Retail & Wholesale,Retail & Wholesale,Unknown,Unknown,Unknown,JSE Listed,JSE Listed,true,false,Listed Reporting; Group Reporting; Internal Audit; Financial Control; Shared Services,JSE Listed; Listed Company; South African Group; Retail Network; Multi-site; High Inventory; B2C; Regulated,Unknown,Qualified; articles route not established,Unknown,Unknown,Pharmaceutical Retail,Clicks Group,Chief Support Services Officer,Pharmaceutical Retail,Clicks Group,Head of Finance: Retail,Pharmaceutical Retail,CONFIRMED,CONFIRMED,https://www.clicksgroup.co.za/iar2023/wp-content/uploads/Clicks-2023-AFS_download.pdf,https://www.globaldata.com/company-profile/clicks-group-limited/executives/,2026-10-01,Cape Town is the Clicks Group head-office location and the AFS signing location.
acc-1024,Tsholofelo,Molefe,Tsholofelo Molefe,CONFIRMED,"LinkedIn public profile headline (indexed): ""Tsholofelo Molefe CA(SA) - Group CFO... As Group Chief Financial Officer of MTN Group, I lead financial strategy across 16 [markets]""; CFO South Africa: ""MTN Group CFO Tsholofelo Molefe is passionate about connecting Africa.""",Group Chief Financial Officer,Group Chief Financial Officer,S7 — CFO,MTN Group Limited,MTN Group,Unknown,Johannesburg,City of Johannesburg Metro,Gauteng,South Africa,https://za.linkedin.com/in/tsholofelo-molefe-ca-sa-765011100,Telecommunications,Mobile network operator,Telecommunications,Telecommunications,Technology & Software,Media & Communications,Fintech & Payments,JSE Listed,Multinational,true,true,Group Reporting; Listed Reporting; Capital Management; Investor Relations,JSE Listed; Listed Company; Multinational; Regulated; Multi-site; B2C; Subscription,Unknown,Qualified; articles route not established,Unknown,Unknown,Telecommunications,Unknown,Unknown,Unknown,Unknown,Unknown,Unknown,CONFIRMED,CONFIRMED,https://za.linkedin.com/in/tsholofelo-molefe-ca-sa-765011100,https://cfo.co.za/,2026-10-01,LinkedIn headline carries the CA(SA) designation explicitly; profile is public and indexed. Reported work location City of Johannesburg.
acc-1025,Abigail,Mukhuba,Abigail Mukhuba,CONFIRMED,"Sanlam executive CV page: ""Ms Mukhuba is Sanlam\u2019s Group Finance Director... Ms Mukhuba is a Chartered Accountant (CA(SA)) and holds a B Compt from UNISA, BCom Hons Accounting from Rand Afrikaans University (RAU), MCom South African and International Taxation (RAU) and an MBA from the University of Cape Town."" CFO South Africa: ""She joined Sanlam from African Rainbow Minerals where she held the position of Finance Director since 2017... held several senior finance positions at KPMG, BMW SA and Exxaro Resources.""",Group Finance Director and Executive Director,Group Finance Director,S7 — CFO,Sanlam Limited,Sanlam,Unknown,Bellville,City of Cape Town Metro,Western Cape,South Africa,https://www.linkedin.com/in/abigail-muelelwa-mukhuba-ca-sa-2a683a242/,Insurance,"Life and general insurance, investment management",Insurance,Insurance,Banking & Lending,Investments & Capital Markets,Healthcare & Life Sciences,JSE Listed,Major Financial Institution,true,true,IFRS; Listed Reporting; Group Reporting; Tax; Risk,JSE Listed; Listed Company; South African Group; Regulated; Multi-site; B2C; B2B2C; Multinational,Unknown,Qualified; articles route not established,Unknown,B Compt (UNISA),Professional Services > Automotive Manufacturing > Mining > Insurance,African Rainbow Minerals,Finance Director,Mining,Exxaro Resources,Senior finance position,Mining,CONFIRMED,CONFIRMED,https://www.sanlam.com/cv2-executive,https://cfo.co.za/articles/sanlam-appoints-abigail-mukhuba-as-new-fd/,2026-10-01,"An unusually broad cross-sector finance path (audit, automotive, mining, insurance). Bellville is Sanlam's head-office location."
acc-1026,Nicolaas,Crafford-Lazarus,Nicolaas Crafford-Lazarus,CONFIRMED,"Sephaku Holdings audited AFS FY2025: ""The financial statements were internally compiled under the supervision of: NR Crafford-Lazarus CA(SA)"" and ""The committee has satisfied itself that the financial director of SepHold, Mr. NR Crafford-Lazarus, has appropriate expertise and experience to meet his responsibilities.""",Financial Director,Financial Director,S6 — Director,Sephaku Holdings Limited,Sephaku Holdings,Unknown,Centurion,City of Tshwane Metro,Gauteng,South Africa,Unknown,Construction Materials,Cement and ready-mix concrete,Construction & Building Materials,Construction & Building Materials,Mining & Resources,Industrial & Manufacturing,Logistics & Supply Chain,JSE Listed,JSE Listed,true,false,Listed Reporting; IFRS; Group Reporting; Statutory Reporting,JSE Listed; Listed Company; South African Group; Asset Intensive; Manufacturing; High Working Capital; B2B; Multi-site,Unknown,Qualified; articles route not established,Unknown,Unknown,Construction Materials,Unknown,Unknown,Unknown,Unknown,Unknown,Unknown,CONFIRMED,CONFIRMED,https://senspdf.jse.co.za/documents/2025/jse/isse/sep/FY2025.pdf,Unknown,2026-10-01,"First name recorded as Nicolaas on the basis of the initials ""NR"" used in the AFS; city shown as the group's Centurion base (PROBABLE)."
acc-1027,Brenda,Berlin,Brenda Berlin,CONFIRMED,"PPC Group leadership page: ""Brenda Berlin - Chief Financial Officer (CFO)... Chartered Accountant of South Africa - CA(SA); Program for Management Development, Harvard Business School, 1995; Corporate Finance Elective of the MBA, Wits Business School, 1991; Bachelor of Commerce, University of Witwatersrand, 1986.""",Chief Financial Officer,Chief Financial Officer,S7 — CFO,PPC Ltd,PPC,Unknown,Sandton,City of Johannesburg Metro,Gauteng,South Africa,Unknown,Cement,"Cement, aggregates and materials",Construction & Building Materials,Construction & Building Materials,Industrial & Manufacturing,Mining & Resources,Logistics & Supply Chain,JSE Listed,JSE Listed,true,true,Corporate Finance; Listed Reporting; Group Reporting; Capital Management,JSE Listed; Listed Company; South African Group; Multinational; Asset Intensive; Manufacturing; Multi-site; B2B,Unknown,Qualified; articles route not established,Unknown,Corporate Finance Elective of the MBA (Wits Business School),Cement,Unknown,Unknown,Unknown,Unknown,Unknown,Unknown,CONFIRMED,CONFIRMED,https://www.ppc.africa/about-us/our-leadership/,Unknown,2026-10-01,"PPC operates across South Africa, Botswana, Zimbabwe, Zambia and the DRC. City shown as PPC's Johannesburg head office (PROBABLE)."
acc-1028,Panashe,Moyo,Panashe Moyo,CONFIRMED,"SAICA 2025 Top 35 Under 35 finalists: ""Panashe Moyo CA(SA), 35 - Senior Group Finance Manager \u2013 Nala Renewables | Transformation Leader | Co-Founder \u2013 Culcha SA"".",Senior Group Finance Manager,Senior Group Finance Manager,S4 — Senior Manager / Group,Nala Renewables,Nala Renewables,Unknown,Unknown,Unknown,Unknown,South Africa,Unknown,Renewable Energy,Renewable power development,Energy & Utilities,Energy & Utilities,Construction & Building Materials,Investments & Capital Markets,Mining & Resources,Private Company,Mid-Market,false,true,Group Reporting; Project Finance; Consolidations,Private Company; Multinational; Project Based; Asset Intensive; B2B; High Growth,Unknown,Qualified; articles route not established,Unknown,Unknown,Renewable Energy,Unknown,Unknown,Unknown,Unknown,Unknown,Unknown,CONFIRMED,CONFIRMED,https://www.saica.org.za/initiatives/awards-and-competitions/top-35-under-35-awards/2025-top-35-under-35-finalists/,Unknown,2026-10-01,"Designation and role from SAICA's own 2025 Top 35 Under 35 finalist page. Location not stated by the source; Nala Renewables is an international renewable-energy joint venture, so no South African city is asserted."
acc-1029,Tracy,Nkosi,Tracy Lerato Nkosi,CONFIRMED,"SAICA 2025 Top 35 Under 35 finalists: ""Tracy Lerato Nkosi CA(SA), 34 - Southern Africa Finance Controller \u2013 Unilever South Africa | Mentor | Impact Champion"".",Southern Africa Finance Controller,Financial Controller,S3 — Manager,Unilever South Africa,Unilever,Southern Africa,Durban,eThekwini Metro,KwaZulu-Natal,South Africa,Unknown,FMCG,Consumer goods manufacturing,Consumer & FMCG,Consumer & FMCG,Retail & Wholesale,Logistics & Supply Chain,Industrial & Manufacturing,Multinational Listed,Multinational,false,true,Financial Control; Management Reporting; Manufacturing Finance,Multinational; Manufacturing; Multi-site; High Inventory; B2C; FMCG Route-to-Market; Regulated,Unknown,Qualified; articles route not established,Unknown,Unknown,FMCG,Unknown,Unknown,Unknown,Unknown,Unknown,Unknown,CONFIRMED,CONFIRMED,https://www.saica.org.za/initiatives/awards-and-competitions/top-35-under-35-awards/2025-top-35-under-35-finalists/,Unknown,2026-10-01,Designation and role from SAICA's own 2025 Top 35 Under 35 finalist page. Province PROBABLE on the basis of Unilever South Africa's Durban (La Lucia) head office; the individual's location is not stated by the source.
acc-1030,Taskeen,Ismail,Taskeen Ismail,PROBABLE,"CFO South Africa appointment report: ""Taskeen Ismail, a seasoned chartered accountant with extensive experience in corporate finance and enterprise risk management, has been appointed CFO of Sanlam Investments... began with a Sanlam Group bursary to study business science at the University of Cape Town... joined Santam in 2008, working in enterprise risk management and corporate finance for five years. She then spent 11 years at Old Mutual, leading their corporate finance team.""",Chief Financial Officer,Chief Financial Officer,S7 — CFO,Sanlam Investments,Sanlam,Unknown,Cape Town,City of Cape Town Metro,Western Cape,South Africa,Unknown,Asset Management,Institutional investment management,Investments & Capital Markets,Investments & Capital Markets,Insurance,Banking & Lending,Fintech & Payments,JSE Listed,Major Financial Institution,true,true,Corporate Finance; Risk; Investor Relations,JSE Listed; Listed Company; South African Group; Regulated; Multi-site; B2C; B2B2C,Unknown,Not established,Unknown,Business Science (University of Cape Town),Insurance > Asset Management,Old Mutual,Head of corporate finance,Insurance,Santam,Enterprise risk management and corporate finance,Insurance,CONFIRMED,HIGH,https://cfo.co.za/articles/taskeen-ismail-appointed-chief-financial-officer-of-sanlam-investments/,Unknown,2026-10-01,"Designation recorded HIGH_CONFIDENCE, not CONFIRMED: the source describes her as a ""seasoned chartered accountant"" without the explicit CA(SA) designation string. Retained because the role, employer and career history are fully evidenced and the South African chartered-accountant description is a strong indicator; flagged for designation confirmation."
acc-1031,Raj,Nana,Raj Nana,CONFIRMED,"Attacq Limited annual financial statements FY2025: ""The preparation of these annual financial statements was supervised by R Nana CA(SA), Chief Financial Officer of the Group""; SA REIT Association profile: ""Raj Nana completed his bachelor\u2019s degree in Accounting at the University of Witwatersrand and served his articles with the FirstRand group... appointed as the Attacq Group, Chief Financial Officer, in June 2018.""",Chief Financial Officer,Chief Financial Officer,S7 — CFO,Attacq Limited,Attacq,Unknown,Midrand,City of Johannesburg Metro,Gauteng,South Africa,Unknown,Property,Real estate investment trust (commercial and mixed-use),Property & Real Estate,Property & Real Estate,Construction & Building Materials,Investments & Capital Markets,Banking & Lending,JSE Listed,JSE Listed,true,false,Listed Reporting; Group Reporting; IFRS; Debt Funding; Capital Management,JSE Listed; Listed Company; South African Group; Asset Intensive; Regulated; Multi-site; B2B,FirstRand group,SAICA articles at FirstRand group,Unknown,"Bachelor of Accounting, University of the Witwatersrand",Banking > Property,Leveraged finance (banking),Leveraged finance transactor,Banking,Unknown,Unknown,Unknown,CONFIRMED,CONFIRMED,https://attacq.co.za/wp-content/uploads/2026/03/attacq-annual-financial-statements-2025.pdf,Unknown,2026-10-01,Attacq also holds an A2X listing. City shown as Attacq's Waterfall City (Midrand) head office.
acc-1032,Leon,Kok,Leon Kok,CONFIRMED,"SA REIT Association profile: ""Leon Kok is a Chartered Accountant (SA) with an excellent blend of operational experience, sound business acumen and technical accounting knowledge. He joined Redefine in 2014 after a 13-year career at Peermont Global Limited. He remained with KPMG until 2000, after which he moved to Brait SA as Group Financial Manager and then to Emperors Palace as Chief Financial Officer until 2006... appointed as financial director and to the board in October 2014 and elected as chief operating officer in February 2021."" Also chairs the SA REIT Accounting & JSE Committee.",Chief Operating Officer,Chief Operating Officer,S8 — Broader Executive,Redefine Properties Limited,Redefine Properties,Unknown,Johannesburg,City of Johannesburg Metro,Gauteng,South Africa,Unknown,Property,Real estate investment trust (diversified),Property & Real Estate,Property & Real Estate,Construction & Building Materials,Investments & Capital Markets,Banking & Lending,JSE Listed,JSE Listed,true,false,Listed Reporting; IFRS; Group Reporting; Financial Control,JSE Listed; Listed Company; South African Group; Asset Intensive; Regulated; Multi-site; B2B,KPMG (to 2000),SAICA articles at KPMG (to 2000),Unknown,Unknown,Hospitality > Investments & Capital Markets > Professional Services > Property,Redefine Properties,Financial Director,Property,Peermont Global Limited,Finance leadership,Hospitality,CONFIRMED,CONFIRMED,https://sareit.co.za/about-2/,Unknown,2026-10-01,"A clear Hospitality > Property finance talent flow, via a listed-property route."
acc-1033,Laila,Razack,Laila Razack,PROBABLE,"SA REIT Association profile: ""Lalia Razack, Chief Financial Officer at Equites Property Fund. Laila Razack has a BSc (Finance and Accounting) and PGDA, and is a qualified chartered accountant. She joined Equites in 2015... Prior to joining Equites, she worked in PricewaterhouseCoopers Inc.\u2019s Advisory division with a focus on mergers & acquisitions.""",Chief Financial Officer,Chief Financial Officer,S7 — CFO,Equites Property Fund Limited,Equites,Unknown,Cape Town,City of Cape Town Metro,Western Cape,South Africa,Unknown,Property,Logistics and industrial real estate,Property & Real Estate,Property & Real Estate,Construction & Building Materials,Investments & Capital Markets,Banking & Lending,JSE Listed,JSE Listed,true,false,Listed Reporting; IFRS; M&A; Debt Funding,JSE Listed; Listed Company; South African Group; Asset Intensive; Regulated; Multi-site; B2B,PwC (advisory),SAICA articles at PwC (advisory),Unknown,Unknown,Professional Services > Property,PricewaterhouseCoopers Inc.,Advisory (mergers & acquisitions),Professional Services,Unknown,Unknown,Unknown,CONFIRMED,HIGH,https://sareit.co.za/about-2/,Unknown,2026-10-01,"HIGH_CONFIDENCE: the source says ""qualified chartered accountant"" without the CA(SA) string. Equites is an industrial/logistics-focused REIT — a direct bridge between the Property and Logistics ecosystems."
acc-1034,Henry,Kuhn,Henry Kuhn,PROBABLE,"SA REIT Association profile: ""Henry Kuhn is a qualified chartered accountant who after being involved in a number of property company audits during his articles pursued his passion for property in joining the Atterbury Property Group. Since then, he joined the Attacq Limited group assisting the company with the listing in 2013 as well as conversion to a REIT in 2018. He is currently performing the role of Group Financial Manager for the Attacq Group.""",Group Financial Manager,Group Financial Manager,S4 — Senior Manager / Group,Attacq Limited,Attacq,Unknown,Midrand,City of Johannesburg Metro,Gauteng,South Africa,Unknown,Property,Real estate investment trust (commercial and mixed-use),Property & Real Estate,Property & Real Estate,Construction & Building Materials,Investments & Capital Markets,Banking & Lending,JSE Listed,JSE Listed,true,false,Listed Reporting; IFRS; Group Reporting; Consolidations; Audit,JSE Listed; Listed Company; South African Group; Asset Intensive; Regulated; Multi-site; B2B,Unknown,SAICA articles,Unknown,Unknown,Property,Atterbury Property Group,Finance role,Property,Unknown,Unknown,Unknown,CONFIRMED,HIGH,https://sareit.co.za/about-2/,Unknown,2026-10-01,"HIGH_CONFIDENCE: ""qualified chartered accountant"" without the CA(SA) string. Also evidences a listing and REIT-conversion project track record."
acc-1035,Laurelle,McDonald,Laurelle McDonald,CONFIRMED,"Southern Sun board page: ""L MCDONALD CA (SA), Executive Director - Chief Financial Officer, Date appointed: 30 September 2011. Laurelle McDonald served her articles at Grant Thornton and joined Gold Reef Resorts as Assistant Financial Manager at Silverstar Casino in 2007. She was appointed as the Group Financial Manager and the Company Secretary of Gold Reef Resorts. After the acquisition of Gold Reef Resorts by Tsogo Sun, Laurelle was appointed Corporate Finance and Treasury Manager of Tsogo Sun.""",Chief Financial Officer and Executive Director,Chief Financial Officer,S7 — CFO,Southern Sun Limited,Southern Sun,Unknown,Sandton,City of Johannesburg Metro,Gauteng,South Africa,Unknown,Hospitality,Hotels and resorts,"Hospitality, Leisure & Tourism","Hospitality, Leisure & Tourism",Retail & Wholesale,Consumer & FMCG,Property & Real Estate,JSE Listed,JSE Listed,true,true,Listed Reporting; Group Reporting; Treasury; Corporate Finance; IFRS,JSE Listed; Listed Company; South African Group; Multi-site; B2C; Asset Intensive; Franchise,Grant Thornton,SAICA articles at Grant Thornton (pre-2007),Unknown,Unknown,Hospitality,Tsogo Sun,Corporate Finance and Treasury Manager,Hospitality,Gold Reef Resorts,"Assistant Financial Manager, then Group Financial Manager and Company Secretary",Hospitality,CONFIRMED,CONFIRMED,https://www.southernsun.com/investors/governance/our-board,Unknown,2026-10-01,Southern Sun was unbundled from Tsogo Sun in 2019; articles evidence gives a documented audit-to-industry route. City shown as the group's Johannesburg (Sandton/Fourways) base.
acc-1036,Marcel,von Aulock,Marcel von Aulock,CONFIRMED,"""Marcel Nikolaus von Aulock (46) Chief Executive Officer CA(SA) Appointed: 10 May 2019"" (Tsogo Sun Hotels integrated annual report leadership page). Southern Sun board page: ""Marcel Nikolaus von Aulock served his articles at PwC and joined Tsogo Sun as Group Financial Manager in 1999. In 2004 he was promoted to Group Strategic Planning Director, in 2009 he was appointed CFO, and in September 2011 he assumed the role of CEO of Tsogo Sun.""",Chief Executive Officer and Executive Director,Chief Executive Officer,S8 — Broader Executive,Southern Sun Limited,Southern Sun,Unknown,Sandton,City of Johannesburg Metro,Gauteng,South Africa,Unknown,Hospitality,Hotels and resorts,"Hospitality, Leisure & Tourism","Hospitality, Leisure & Tourism",Retail & Wholesale,Consumer & FMCG,Property & Real Estate,JSE Listed,JSE Listed,true,true,Listed Reporting; Group Reporting; Treasury,JSE Listed; Listed Company; South African Group; Multi-site; B2C; Asset Intensive; Franchise,PwC,SAICA articles at PwC,Unknown,Unknown,Hospitality,Tsogo Sun,Chief Executive Officer,Hospitality,Tsogo Sun,Chief Financial Officer,Hospitality,CONFIRMED,CONFIRMED,https://hotels-iar.southernsun.com/reports/tsogosun-hotels-iar-2020/our-leadership.php,Unknown,2026-10-01,Classic audit > industry finance > CFO > CEO pathway in a single listed hospitality group.
acc-1037,Tim,Jacobs,Tim Jacobs,CONFIRMED,"MultiChoice Group executive team page: ""Tim Jacobs, Group CFO - BCom, HDipAcc and CA(SA). Tim is the CFO. He was previously the chief executive officer of MultiChoice Africa Limited and chief financial officer of the Naspers Video Entertainment Segment."" MultiChoice South Africa Holdings FY2023 financial statements: ""prepared under the supervision of the group\u2019s Chief Financial Officer, Tim Jacobs CA(SA).""",Group Chief Financial Officer,Group Chief Financial Officer,S7 — CFO,MultiChoice Group Limited,MultiChoice Group,Unknown,Johannesburg,City of Johannesburg Metro,Gauteng,South Africa,Unknown,Media,Pay television and video entertainment,Media & Communications,Media & Communications,Unknown,Unknown,Unknown,JSE Listed,JSE Listed,true,true,Listed Reporting; Group Reporting; IFRS; Investor Relations; Debt Funding,JSE Listed; Listed Company; Multinational; Subscription; B2C; Regulated,Unknown,Qualified; articles route not established,Unknown,Unknown,Media,MultiChoice Africa Limited,Chief Executive Officer,Media,Naspers,Chief Financial Officer: Video Entertainment segment,Media,CONFIRMED,CONFIRMED,https://www.multichoice.com/about-us/executive-team/,Unknown,2026-10-01,MultiChoice was unbundled from Naspers and listed on the JSE in 2019; the CFO role carried across the listing.
acc-1038,Deon,Raju,Deon Raju,CONFIRMED,"Absa Group board and management page: ""Deon Raju, Group Financial Director. Deon was appointed as Group Financial Director on 26 April 2024 and he joined the Board on the same day. Prior to this role, he was Absa\u2019s Group Chief Risk Officer from 1 June 2021 and was a member of the Executive Committee and the Group Treasurer 5 years before that... Qualifications: B Com (Hons); CA (SA); CFA.""",Group Financial Director,Group Financial Director,S6 — Director,Absa Group Limited,Absa Group,Unknown,Johannesburg,City of Johannesburg Metro,Gauteng,South Africa,Unknown,Banking,Diversified banking group,Banking & Lending,Banking & Lending,Insurance,Investments & Capital Markets,Fintech & Payments,JSE Listed,Major Financial Institution,true,true,Treasury; Risk; Capital Management; Group Reporting; Listed Reporting,JSE Listed; Listed Company; Multinational; Regulated; Multi-site; B2C; B2B,Unknown,Qualified; articles route not established,Unknown,Unknown,Banking,Absa,"Roles in Enterprise Risk, Finance, Investment Banking, Credit Portfolio Management and Global Markets",Banking,Absa,Group Chief Risk Officer,Banking,CONFIRMED,CONFIRMED,https://www.absa.africa/about-us/board-and-management/,Unknown,2026-10-01,A treasury/risk-to-CFO succession path inside one major bank — useful for CFO-succession searches.
acc-1039,Mike,Davis,Mike Davis,CONFIRMED,"Nedbank Group executive leadership page: ""Mike Davis, Chief Financial Officer, Appointed: October 2020. Qualifications: BCom (Hons), DipAcc, CA (SA), AMP (Insead)... Before joining Nedbank through the acquisition of BoE Bank Limited, Mike completed his articles at Deloitte, where he specialised in banking, treasury and risk management."" CFO South Africa records his 2024 CFO of the Year award.",Chief Financial Officer,Chief Financial Officer,S7 — CFO,Nedbank Group Limited,Nedbank Group,Unknown,Johannesburg,City of Johannesburg Metro,Gauteng,South Africa,Unknown,Banking,Retail and wholesale banking,Banking & Lending,Banking & Lending,Insurance,Investments & Capital Markets,Fintech & Payments,JSE Listed,Major Financial Institution,true,true,Treasury; Capital Management; Risk; Group Reporting; Listed Reporting,JSE Listed; Listed Company; Multinational; Regulated; Multi-site; B2C; B2B,Deloitte,SAICA articles at Deloitte,Unknown,Unknown,Professional Services > Banking,BoE Bank Limited / Nedbank,Group Executive: Balance Sheet Management,Banking,Deloitte,"Article clerk, manager, senior manager (banking, treasury and risk)",Professional Services,CONFIRMED,CONFIRMED,https://personal.nedbank.co.za/content/nedbank/za/en/group/home/executive-leadership/mike-davis.html,Unknown,2026-10-01,Named CFO of the Year at the 2024 CFO Awards. Work location City of Johannesburg.
acc-1040,Meroonisha,Kerber,Meroonisha Kerber,CONFIRMED,"Impala Platinum executive profile: ""Meroonisha Kerber, Chief Financial Officer and Director, BCom, HDipAcc, CA(SA). Meroonisha was appointed to the board in August 2018 as chief financial officer and executive director. She previously spent 10 years at Deloitte after which she held various senior positions at Anglo American Platinum Ltd and AngloGold Ashanti Ltd.""",Chief Financial Officer and Executive Director,Chief Financial Officer,S7 — CFO,Impala Platinum Holdings Limited,Impala Platinum,Unknown,Johannesburg,City of Johannesburg Metro,Gauteng,South Africa,Unknown,Mining,Platinum group metals,Mining & Resources,Mining & Resources,Industrial & Manufacturing,Energy & Utilities,Construction & Building Materials,JSE Listed,JSE Listed,true,true,Listed Reporting; Group Reporting; IFRS; Audit; Governance,JSE Listed; Listed Company; South African Group; Asset Intensive; Regulated; B2B; Import / Export; Multi-site,Deloitte (10 years),SAICA articles at Deloitte (10 years),Unknown,Unknown,Professional Services > Mining,AngloGold Ashanti,Senior Vice President: Finance,Mining,Anglo American Platinum,Head of Financial Accounting (11 years),Mining,CONFIRMED,CONFIRMED,https://people.equilar.com/bio/org/impala-platinum-holdings-limited/510085,Unknown,2026-10-01,"Also a director of Impala Canada, Zimplats Holdings and Impala Bafokeng Resources."
acc-1041,Sayurie,Naidoo,Sayurie Naidoo,CONFIRMED,"Company announcement: ""Anglo American Platinum appoints Sayurie Naidoo as chief financial officer and executive director, with effect from 1 May 2024... Sayurie, age 39, is a seasoned finance professional and a registered CA(SA) with a distinguished career at Anglo American. Through 15 years within the group she has held various senior roles and has been responsible for leading Anglo American Platinum\u2019s financial reporting, performance reporting, governance and controls, and systems integration teams.""",Chief Financial Officer and Executive Director,Chief Financial Officer,S7 — CFO,Anglo American Platinum Limited,Anglo American,Unknown,Johannesburg,City of Johannesburg Metro,Gauteng,South Africa,Unknown,Mining,Platinum group metals,Mining & Resources,Mining & Resources,Industrial & Manufacturing,Energy & Utilities,Construction & Building Materials,JSE Listed,JSE Listed,true,true,Listed Reporting; Group Reporting; Financial Control; Governance,JSE Listed; Listed Company; South African Group; Asset Intensive; Regulated; B2B; Import / Export; Multi-site,Unknown,Qualified; articles route not established,Unknown,Unknown,Mining,Anglo American / Anglo American Platinum,"Senior finance roles including financial reporting, performance reporting, governance and controls, and systems integration",Mining,Unknown,Unknown,Unknown,CONFIRMED,CONFIRMED,https://www.valterraplatinum.com/media_centre/press-releases-2024-26-04-2024a/,Unknown,2026-10-01,Anglo American Platinum was renamed Valterra Platinum in 2025 following the demerger; the CFO role continues.
acc-1042,Walt,Bruns,Walt Bruns,CONFIRMED,"Sasol SENS announcement (13 August 2024): ""the Board of Sasol Limited... has appointed Mr Walt Bruns as Chief Financial Officer and executive director of Sasol Limited... Mr Bruns is currently the Chief Financial Officer of Sasol Southern Africa including Energy and Chemicals. He has been with Sasol for 15 years and has held a variety of senior management positions, including more than three years as Chief Financial Officer of Sasol\u2019s global chemicals business... Mr Bruns is a certified chartered accountant in South Africa. He holds a Bachelor of Commerce degree from the University of Stellenbosch and post graduate diplomas from the University of Cape Town.""",Chief Financial Officer and Executive Director,Chief Financial Officer,S7 — CFO,Sasol Limited,Sasol,Unknown,Sandton,City of Johannesburg Metro,Gauteng,South Africa,Unknown,Energy,Energy and chemicals (integrated),Energy & Utilities,Energy & Utilities,Industrial & Manufacturing,Mining & Resources,Construction & Building Materials,JSE Listed,JSE Listed,true,true,Listed Reporting; Group Reporting; IFRS; Capital Management; Manufacturing Finance,JSE Listed; Listed Company; Multinational; South African Group; Asset Intensive; Regulated; Manufacturing; B2B; Import / Export,Unknown,Qualified; articles route not established,Unknown,BCom (University of Stellenbosch),Energy > Chemicals > Energy,Sasol,Chief Financial Officer: global chemicals business,Chemicals,Sasol,Chief Financial Officer: Sasol Southern Africa (Energy and Chemicals),Energy,CONFIRMED,CONFIRMED,https://www.prnewswire.com/news-releases/sasol-limited-appointment-of-chief-financial-officer-and-executive-director-302220676.html,Unknown,2026-10-01,Sasol spans energy and chemicals; classified under Energy & Utilities with an Industrial & Manufacturing adjacency.
acc-1043,Debbie,Bester,Debbie Bester,CONFIRMED,"Senwes board of directors page: ""Debbie Bester, Group Chief Executive Officer, Director since April 2025, B.Com. (Hons), CA (SA)."" Agbiz Grain reports Senwes 2025 group results quoting ""Group Chief Executive Officer Debbie Bester"".",Group Chief Executive Officer,Group Chief Executive Officer,S8 — Broader Executive,Senwes Limited,Senwes,Unknown,Klerksdorp,Unknown,North West,South Africa,Unknown,Agribusiness,"Grain handling, agri inputs, financing and market access",Agriculture & Agri-processing,Agriculture & Agri-processing,Unknown,Unknown,Unknown,Private Company,Large Private,false,false,Group Reporting; Working Capital; Treasury,Private Company; Co-operative; South African Group; Asset Intensive; Multi-site; B2B; High Inventory,Unknown,Qualified; articles route not established,Unknown,Unknown,Agribusiness,Unknown,Unknown,Unknown,Unknown,Unknown,Unknown,CONFIRMED,CONFIRMED,https://senwes.com/governance/board-of-directors,Unknown,2026-10-01,"Senwes is headquartered in Klerksdorp, North West — this record opens the North West province on the map."
acc-1044,Wayne,Edwards,Wayne Edwards,CONFIRMED,"Senwes board of directors page: ""Wayne Edwards, Group Chief Financial Officer (Acting), Director since May 2025, BCom (Acc) Hon. CA(SA), ACMA and CGMA."" Agbiz Grain: ""Senwes\u2019 acting group chief financial officer, Wayne Edwards, noted that the group is implementing a turnaround plan in Germany.""",Group Chief Financial Officer (acting),Group Chief Financial Officer,S7 — CFO,Senwes Limited,Senwes,Unknown,Klerksdorp,Unknown,North West,South Africa,Unknown,Agribusiness,"Grain handling, agri inputs, financing and market access",Agriculture & Agri-processing,Agriculture & Agri-processing,Unknown,Unknown,Unknown,Private Company,Large Private,false,false,Group Reporting; Working Capital; Financial Control,Private Company; Co-operative; South African Group; Asset Intensive; Multi-site; B2B; High Inventory,Unknown,Qualified; articles route not established,Unknown,Unknown,Agribusiness,Unknown,Unknown,Unknown,Unknown,Unknown,Unknown,CONFIRMED,CONFIRMED,https://senwes.com/governance/board-of-directors,Unknown,2026-10-01,Multi-designation CA(SA) + ACMA + CGMA. Directional detail on his earlier career appears only on an aggregator profile that abbreviates his surname; not used as evidence here.
acc-1045,Xoliswa,Kula,Xoliswa Kula,PROBABLE,"LinkedIn public company page listing: ""Xoliswa Kula CA (SA) MCom (Tax) — Financial Director at CCS LOGISTICS""; corroborated by a business-directory row listing ""Xoliswa Kula — Director, Financial"" at CCS Logistics.",Financial Director,Financial Director,S6 — Director,CCS Logistics,Commercial Cold Holdings,CCS Logistics (an Oceana Group company),Cape Town,City of Cape Town Metro,Western Cape,South Africa,Unknown,Cold-Chain Logistics,Cold storage and refrigerated warehousing,Logistics & Supply Chain,Logistics & Supply Chain,Unknown,Unknown,Unknown,Private Equity Backed,Mid-Market,false,false,Tax; Financial Control; Group Reporting,Private Company; Private Equity Backed; Asset Intensive; Multi-site; B2B,Unknown,Qualified; articles route not established,Unknown,Unknown,Cold-Chain Logistics,Unknown,Unknown,Unknown,Unknown,Unknown,Unknown,PROBABLE,PROBABLE,https://www.linkedin.com/company/ccs-logistics-group,Unknown,2026-10-01,"HIGH_CONFIDENCE tier: the CA(SA) string is present but the only designation source is a professional-network company listing (corroborated for the employer). Employer confidence PROBABLE: CCS Logistics was Oceana’s cold-storage division and now sits in the Commercial Cold Holdings platform, so both group attributions circulate. No personal LinkedIn URL retrieved, none fabricated."
acc-1046,Mhlengi,Tenza,Mhlengi Tenza,CONFIRMED,"SAICA 2024 Top 35 Under 35 finalists: ""Mhlengi Tenza (31), Chief Financial Officer - Standard Insurance Limited"". The competition recognises young CAs(SA) achievers; every finalist is a CA(SA).",Chief Financial Officer,Chief Financial Officer,S7 — CFO,Standard Insurance Limited,Standard Bank Group,Unknown,Johannesburg,City of Johannesburg Metro,Gauteng,South Africa,Unknown,Insurance,Short-term insurance,Insurance,Insurance,Banking & Lending,Investments & Capital Markets,Healthcare & Life Sciences,JSE Listed,Major Financial Institution,true,true,Group Reporting; IFRS; Risk,JSE Listed; Listed Company; Subsidiary; Regulated; Multinational; B2C; B2B,Unknown,Qualified; articles route not established,Unknown,Unknown,Insurance,Unknown,Unknown,Unknown,Unknown,Unknown,Unknown,CONFIRMED,CONFIRMED,https://www.saica.org.za/initiatives/awards-and-competitions/top-35-under-35-awards/2024-2/2024-top-35-under-35-finalists/,Unknown,2026-10-01,"Designation basis: SAICA Top 35 Under 35 is restricted to CAs(SA), so appearing on the finalist list is direct designation evidence. City shown as the Standard Bank group head-office metro."
acc-1047,Riyaad,Bhamjee,Riyaad Bhamjee,CONFIRMED,"SAICA 2024 Top 35 Under 35 finalists: ""Riyaad Bhamjee (35), Vice-President Strategy and Corporate Development - AECI Limited"". The competition recognises young CAs(SA) achievers; every finalist is a CA(SA).",Vice-President: Strategy and Corporate Development,Vice-President: Strategy and Corporate Development,S5 — Head,AECI Limited,AECI,Unknown,Sandton,City of Johannesburg Metro,Gauteng,South Africa,Unknown,Chemicals,Speciality chemicals and mining explosives,Industrial & Manufacturing,Industrial & Manufacturing,Unknown,Unknown,Unknown,JSE Listed,JSE Listed,true,true,Corporate Finance; M&A,JSE Listed; Listed Company; Multinational; South African Group; Manufacturing; Multi-site; B2B; Import / Export,Unknown,Qualified; articles route not established,Unknown,Unknown,Chemicals,Unknown,Unknown,Unknown,Unknown,Unknown,Unknown,CONFIRMED,CONFIRMED,https://www.saica.org.za/initiatives/awards-and-competitions/top-35-under-35-awards/2024-2/2024-top-35-under-35-finalists/,Unknown,2026-10-01,"Designation basis: SAICA Top 35 Under 35 finalist. Corporate-development role in an asset-intensive chemicals group; AECI also serves the mining sector, giving an Industrial > Mining adjacency."
acc-1048,Arthi,Daya,Arthi Daya,CONFIRMED,"SAICA 2024 Top 35 Under 35 finalists: ""Arthi Daya (35), Chief Financial Officer - BBF Safety Group, Director - Mkhulise Young Minds Development Programme"". The competition recognises young CAs(SA) achievers; every finalist is a CA(SA).",Chief Financial Officer,Chief Financial Officer,S7 — CFO,BBF Safety Group,BBF Safety Group,Unknown,Unknown,Unknown,Unknown,South Africa,Unknown,Industrial Manufacturing,Personal protective equipment and safety footwear,Industrial & Manufacturing,Industrial & Manufacturing,Unknown,Unknown,Unknown,Private Company,Mid-Market,false,false,Financial Control; Manufacturing Finance; Management Reporting,Private Company; Manufacturing; Multi-site; B2B; High Inventory,Unknown,Qualified; articles route not established,Unknown,Unknown,Industrial Manufacturing,Unknown,Unknown,Unknown,Unknown,Unknown,Unknown,CONFIRMED,CONFIRMED,https://www.saica.org.za/initiatives/awards-and-competitions/top-35-under-35-awards/2024-2/2024-top-35-under-35-finalists/,Unknown,2026-10-01,"Designation basis: SAICA Top 35 Under 35 finalist. BBF Safety Group manufactures in KwaZulu-Natal, but the source does not state the individual's work location, so location remains Unknown rather than inferred."
acc-1049,Nokuzola,Morata,Nokuzola Morata,CONFIRMED,"SAICA 2024 Top 35 Under 35 finalists: ""Nokuzola Morata (34), Group Financial Manager - Knight Piésold (Pty) Ltd"". The competition recognises young CAs(SA) achievers; every finalist is a CA(SA).",Group Financial Manager,Group Financial Manager,S4 — Senior Manager / Group,Knight Piésold (Pty) Ltd,Knight Piésold,Unknown,Unknown,Unknown,Unknown,South Africa,Unknown,Engineering,Engineering and environmental consulting,Professional Services,Professional Services,Unknown,Unknown,Unknown,Multinational Private,Multinational,false,true,Group Reporting; Consolidations; Project Finance; Management Reporting,Multinational; Private Company; Project Based; B2B; Multi-entity,Unknown,Qualified; articles route not established,Unknown,Unknown,Engineering,Unknown,Unknown,Unknown,Unknown,Unknown,Unknown,CONFIRMED,CONFIRMED,https://www.saica.org.za/initiatives/awards-and-competitions/top-35-under-35-awards/2024-2/2024-top-35-under-35-finalists/,Unknown,2026-10-01,"Designation basis: SAICA Top 35 Under 35 finalist. Project-based engineering consulting finance — relevant to infrastructure, mining services and construction value chains."
acc-1050,Wardah,Facoline,Wardah Facoline,CONFIRMED,"SAICA 2024 Top 35 Under 35 finalists: ""Wardah Facoline (33), Deputy Director: Demand Management - Western Cape Department of Infrastructure"". The competition recognises young CAs(SA) achievers; every finalist is a CA(SA).",Deputy Director: Demand Management,Deputy Director: Demand Management,S4 — Senior Manager / Group,Western Cape Department of Infrastructure,Western Cape Provincial Government,Unknown,Cape Town,City of Cape Town Metro,Western Cape,South Africa,Unknown,Government,Provincial infrastructure delivery,Government & Public Sector,Government & Public Sector,Professional Services,Construction & Building Materials,Energy & Utilities,Public Entity,Large Private,false,false,Governance; Financial Control; Management Reporting,State-Owned; Regulated; Tender / Contract Driven; Project Based,Unknown,Qualified; articles route not established,Unknown,Unknown,Government,Unknown,Unknown,Unknown,Unknown,Unknown,Unknown,CONFIRMED,CONFIRMED,https://www.saica.org.za/initiatives/awards-and-competitions/top-35-under-35-awards/2024-2/2024-top-35-under-35-finalists/,Unknown,2026-10-01,Designation basis: SAICA Top 35 Under 35 finalist. Procurement/demand-management finance in provincial infrastructure — relevant to construction and infrastructure value chains.
acc-1051,Somah,Sachs,Somah Sachs,CONFIRMED,"SAICA 2024 Top 35 Under 35 finalists: ""Somah Nicholas Beaumont Sachs (33), Chief Operating Officer - Tapio"". The competition recognises young CAs(SA) achievers; every finalist is a CA(SA).",Chief Operating Officer,Chief Operating Officer,S8 — Broader Executive,Tapio,Tapio,Unknown,Unknown,Unknown,Unknown,South Africa,Unknown,Technology,Technology services,Technology & Software,Technology & Software,Fintech & Payments,Telecommunications,Professional Services,Private Company,Small,false,false,Operational Finance; Management Reporting,Private Company; B2B; High Growth,Unknown,Qualified; articles route not established,Unknown,Unknown,Technology,Unknown,Unknown,Unknown,Unknown,Unknown,Unknown,CONFIRMED,CONFIRMED,https://www.saica.org.za/initiatives/awards-and-competitions/top-35-under-35-awards/2024-2/2024-top-35-under-35-finalists/,Unknown,2026-10-01,Designation basis: SAICA Top 35 Under 35 finalist. Location not stated in the source.
acc-1052,Duval,van Zijl,Duval van Zijl,CONFIRMED,"SAICA 2024 Top 35 Under 35 finalists: ""Duval van Zijl (35), Co-founder and Head of Investments - Holocene"". The competition recognises young CAs(SA) achievers; every finalist is a CA(SA).",Co-founder and Head of Investments,Head of Investments,S5 — Head,Holocene,Holocene,Unknown,Unknown,Unknown,Unknown,South Africa,Unknown,Investment Management,Investment holding,Investments & Capital Markets,Investments & Capital Markets,Unknown,Unknown,Unknown,Private Company,Small,false,false,Corporate Finance; M&A,Private Company; Start-up; High Growth; B2B,Unknown,Qualified; articles route not established,Unknown,Unknown,Investment Management,Unknown,Unknown,Unknown,Unknown,Unknown,Unknown,CONFIRMED,CONFIRMED,https://www.saica.org.za/initiatives/awards-and-competitions/top-35-under-35-awards/2024-2/2024-top-35-under-35-finalists/,Unknown,2026-10-01,Designation basis: SAICA Top 35 Under 35 finalist. Location not stated in the source.
acc-1053,Grant,Edmond,Grant Edmond,CONFIRMED,"SAICA 2024 Top 35 Under 35 finalists: ""Grant Edmond (33), Founder - Just Grace, CFO-COO - DataDrive2030"". Peoples Post (Diep River, Cape Town): ""Chartered Accountant (CA) Grant Edmond, (33) a resident of Diep River, has been named a finalist in the 2024 SAICA Top 35 Under 35 Awards... As the founder of Just Grace, an award-winning non-profit organisation... the only SAICA-accredited public benefit organisation (PBO) that provides free training to previously disadvantaged youth.""",CFO-COO,Chief Financial and Operating Officer,S8 — Broader Executive,DataDrive2030,DataDrive2030,Unknown,Cape Town,City of Cape Town Metro,Western Cape,South Africa,Unknown,Non-Profit,Data and research for early childhood development,NGO / Non-Profit,NGO / Non-Profit,Government & Public Sector,Education,Healthcare & Life Sciences,Non-Profit,Small,false,false,Governance; Statutory Reporting; Financial Control,Regulated; B2B,Unknown,Qualified; articles route not established,Unknown,Unknown,Non-Profit,Unknown,Unknown,Unknown,Unknown,Unknown,Unknown,CONFIRMED,CONFIRMED,https://www.saica.org.za/initiatives/awards-and-competitions/top-35-under-35-awards/2024-2/2024-top-35-under-35-finalists/,Unknown,2026-10-01,"Media coverage gives a professionally relevant work location (Diep River, Cape Town). Recorded as work location only — no residential inference beyond what the article states."
acc-1054,Carli,Botha,Carli Botha,CONFIRMED,"SAICA 2024 Top 35 Under 35 finalists: ""Carli Botha (34), Director - Clinglobal Ltd"". The competition recognises young CAs(SA) achievers; every finalist is a CA(SA).",Director,Director,S6 — Director,Clinglobal Ltd,Clinglobal,Unknown,Unknown,Unknown,Unknown,South Africa,Unknown,Healthcare,Clinical research services,Healthcare & Life Sciences,Healthcare & Life Sciences,Insurance,Professional Services,Retail & Wholesale,Private Company,Mid-Market,false,true,Group Reporting; Financial Control,Private Company; Multinational; Multi-site; B2B; Regulated; Project Based,Unknown,Qualified; articles route not established,Unknown,Unknown,Healthcare,Unknown,Unknown,Unknown,Unknown,Unknown,Unknown,CONFIRMED,CONFIRMED,https://www.saica.org.za/initiatives/awards-and-competitions/top-35-under-35-awards/2024-2/2024-top-35-under-35-finalists/,Unknown,2026-10-01,Designation basis: SAICA Top 35 Under 35 finalist. Clinglobal is a veterinary/clinical research organisation — opens the CRO niche of Healthcare & Life Sciences.
acc-1055,Frits,Reyneke,Frits Reyneke,CONFIRMED,"SAICA 2024 Top 35 Under 35 finalists: ""Frits Reyneke (34), CEO - Truewood Furniture"". The competition recognises young CAs(SA) achievers; every finalist is a CA(SA).",Chief Executive Officer,Chief Executive Officer,S8 — Broader Executive,Truewood Furniture,Truewood Furniture,Unknown,Unknown,Unknown,Unknown,South Africa,Unknown,Manufacturing,Furniture manufacturing,Industrial & Manufacturing,Industrial & Manufacturing,Unknown,Unknown,Unknown,Private Company,Mid-Market,false,false,Manufacturing Finance; Cost Accounting; Working Capital,Private Company; Manufacturing; High Inventory; B2C; B2B; Family Owned,Unknown,Qualified; articles route not established,Unknown,Unknown,Manufacturing,Unknown,Unknown,Unknown,Unknown,Unknown,Unknown,CONFIRMED,CONFIRMED,https://www.saica.org.za/initiatives/awards-and-competitions/top-35-under-35-awards/2024-2/2024-top-35-under-35-finalists/,Unknown,2026-10-01,Designation basis: SAICA Top 35 Under 35 finalist. CA(SA) in a CEO seat — a finance-to-general-management pathway record.
acc-1056,Jason,Grieve,Jason Grieve,CONFIRMED,"SAICA 2024 Top 35 Under 35 finalists: ""Jason Grieve (34), Chief Financial Officer - Crawford Dougall Holdings"". The competition recognises young CAs(SA) achievers; every finalist is a CA(SA).",Chief Financial Officer,Chief Financial Officer,S7 — CFO,Crawford Dougall Holdings,Crawford Dougall Holdings,Unknown,Unknown,Unknown,Unknown,South Africa,Unknown,Consumer Services,Facilities and specialist services,Professional Services,Professional Services,Unknown,Unknown,Unknown,Private Company,Mid-Market,false,false,Financial Control; Management Reporting; Working Capital,Private Company; Tender / Contract Driven; Multi-site; B2B,Unknown,Qualified; articles route not established,Unknown,Unknown,Consumer Services,Unknown,Unknown,Unknown,Unknown,Unknown,Unknown,CONFIRMED,CONFIRMED,https://www.saica.org.za/initiatives/awards-and-competitions/top-35-under-35-awards/2024-2/2024-top-35-under-35-finalists/,Unknown,2026-10-01,Designation basis: SAICA Top 35 Under 35 finalist. Location not stated in the source.
acc-1057,Lindie,Scholtz,Lindie Scholtz,CONFIRMED,"SAICA 2024 Top 35 Under 35 finalists: ""Lindie Scholtz (35), Regional Head of Credit - FNB, a Division of FirstRand Bank"". The competition recognises young CAs(SA) achievers; every finalist is a CA(SA).",Regional Head of Credit,Head of Credit,S5 — Head,FNB (FirstRand Bank Limited),FirstRand,Unknown,Johannesburg,City of Johannesburg Metro,Gauteng,South Africa,Unknown,Banking,Retail and business banking,Banking & Lending,Banking & Lending,Insurance,Investments & Capital Markets,Fintech & Payments,JSE Listed,Major Financial Institution,true,true,Risk; Management Reporting,JSE Listed; Listed Company; Multinational; Regulated; Multi-site; B2C; B2B,Unknown,Qualified; articles route not established,Unknown,Unknown,Banking,Unknown,Unknown,Unknown,Unknown,Unknown,Unknown,CONFIRMED,CONFIRMED,https://www.saica.org.za/initiatives/awards-and-competitions/top-35-under-35-awards/2024-2/2024-top-35-under-35-finalists/,Unknown,2026-10-01,Designation basis: SAICA Top 35 Under 35 finalist. Credit-risk leadership is directly relevant to the repo's Credit Risk track as well as Banking & Lending.
acc-1058,Pamela,Mainama,Pamela Mainama,CONFIRMED,"SAICA 2024 Top 35 Under 35 finalists: ""Pamela Mainama (32), Senior Investment Banker: Financial Solutions Group - ABSA Bank Limited"". The competition recognises young CAs(SA) achievers; every finalist is a CA(SA).",Senior Investment Banker: Financial Solutions Group,Senior Investment Banker,S2 — Senior Individual Contributor,Absa Bank Limited,Absa Group,Unknown,Johannesburg,City of Johannesburg Metro,Gauteng,South Africa,Unknown,Banking,Investment banking and structured finance,Banking & Lending,Banking & Lending,Insurance,Investments & Capital Markets,Fintech & Payments,JSE Listed,Major Financial Institution,true,true,Corporate Finance; Debt Funding,JSE Listed; Listed Company; Multinational; Regulated; Multi-site; B2C; B2B,Unknown,Qualified; articles route not established,Unknown,Unknown,Banking,Unknown,Unknown,Unknown,Unknown,Unknown,Unknown,CONFIRMED,CONFIRMED,https://www.saica.org.za/initiatives/awards-and-competitions/top-35-under-35-awards/2024-2/2024-top-35-under-35-finalists/,Unknown,2026-10-01,Designation basis: SAICA Top 35 Under 35 finalist. Structured-finance/debt-funding exposure supports the Corporate Finance and Debt Funding tags.
